subject_id,Parabacteroides_unclassified,Atopobium_parvulum,Ruminococcus_obeum,Acidaminococcus_unclassified,Ruminococcus_gnavus,Megasphaera_unclassified,Eubacterium_rectale,Bacteroides_vulgatus,Clostridium_hathewayi,Odoribacter_laneus,Peptostreptococcus_unclassified,Faecalibacterium_prausnitzii,Bacillus_subtilis,Alistipes_shahii,Ruminococcus_torques,Clostridium_leptum,Lachnospiraceae_bacterium_2_1_58FAA,Streptococcus_constellatus,Desulfovibrio_desulfuricans,Bacteroides_ovatus,Burkholderiales_bacterium_1_1_47,Acidaminococcus_fermentans,Granulicatella_unclassified,Escherichia_unclassified,Bifidobacterium_adolescentis,Megasphaera_elsdenii,Clostridium_innocuum,Megasphaera_micronuciformis,Eubacterium_ventriosum,Holdemania_filiformis,Turicibacter_sanguinis,Lachnospiraceae_bacterium_9_1_43BFAA,Parabacteroides_goldsteinii,Dorea_formicigenerans,Streptococcus_intermedius,Turicibacter_unclassified,Actinomyces_odontolyticus,Alistipes_putredinis,Parasutterella_excrementihominis,Lachnospiraceae_bacterium_8_1_57FAA,Lactobacillus_salivarius,Granulicatella_adiacens,Roseburia_inulinivorans,Lachnospiraceae_bacterium_3_1_46FAA,Rothia_dentocariosa,Bifidobacterium_dentium,Megamonas_hypermegale,Adlercreutzia_equolifaciens,Alistipes_indistinctus,Bacteroides_cellulosilyticus,Odoribacter_splanchnicus,Eubacterium_ramulus,Eubacterium_cylindroides,Roseburia_hominis,Bacteroides_uniformis,Clostridium_clostridioforme,Alistipes_unclassified,Streptococcus_mutans,Fusobacterium_nucleatum,Oscillibacter_unclassified,Pseudoflavonifractor_capillosus,Clostridium_scindens,Gemella_unclassified,Eggerthella_lenta,Clostridium_asparagiforme,Bacteroides_nordii,Eggerthella_unclassified,Coprobacter_fastidiosus,Paraprevotella_unclassified,Lachnospiraceae_bacterium_1_1_57FAA,Coprobacillus_unclassified,Blautia_hydrogenotrophica,Erysipelotrichaceae_bacterium_6_1_45,Flavonifractor_plautii,Alistipes_senegalensis,Clostridiaceae_bacterium_JC118,Ruminococcus_lactaris,Bifidobacterium_pseudocatenulatum,Barnesiella_intestinihominis,Lachnospiraceae_bacterium_5_1_63FAA,Ruminococcus_bromii,Bacteroides_finegoldii,Gemella_morbillorum,Bacteroides_fragilis,Ruminococcus_callidus,Odoribacter_unclassified,Lachnospiraceae_bacterium_5_1_57FAA,Eubacterium_sp_3_1_31,Megamonas_unclassified,Ruminococcus_sp_5_1_39BFAA,Parvimonas_unclassified,Enterobacter_cloacae,Bilophila_unclassified,Streptococcus_vestibularis,Haemophilus_parainfluenzae,Acidaminococcus_intestini,Fusobacterium_mortiferum,Rothia_mucilaginosa,Clostridium_symbiosum,Lachnospiraceae_bacterium_7_1_58FAA,Bifidobacterium_breve,Klebsiella_pneumoniae,Bacteroides_coprocola,Streptococcus_parasanguinis,Klebsiella_oxytoca,Alistipes_finegoldii,Parabacteroides_merdae,Megamonas_funiformis,Akkermansia_muciniphila,Paraprevotella_xylaniphila,Bacteroides_salyersiae,Erysipelotrichaceae_bacterium_2_2_44A,Parabacteroides_johnsonii,Eubacterium_hallii,Veillonella_dispar,Eubacterium_siraeum,Bacteroides_faecis,Bacteroides_dorei,Gemella_sanguinis,Dorea_unclassified,Collinsella_aerofaciens,Roseburia_intestinalis,Subdoligranulum_sp_4_3_54A2FAA,Streptococcus_thermophilus,Bacteroides_plebeius,Bifidobacterium_bifidum,Clostridium_bolteae,Clostridium_nexile,Lachnospiraceae_bacterium_3_1_57FAA_CT1,Bifidobacterium_longum,Megamonas_rupellensis,Streptococcus_infantis,Mitsuokella_multacida,Clostridium_bartlettii,Dialister_invisus,Prevotella_stercorea,Bacteroides_massiliensis,Erysipelotrichaceae_bacterium_21_3,Gemella_haemolysans,Subdoligranulum_unclassified,Streptococcus_salivarius,Paraprevotella_clara,Streptococcus_anginosus,Bacteroides_xylanisolvens,Eubacterium_eligens,Veillonella_parvula,Citrobacter_freundii,Bacteroides_stercoris,Lachnospiraceae_bacterium_1_4_56FAA,Bacteroidales_bacterium_ph8,Coprococcus_comes,Olsenella_unclassified,Streptococcus_gordonii,Peptostreptococcaceae_noname_unclassified,Dorea_longicatena,Bacteroides_caccae,Anaerotruncus_colihominis,Ruminococcaceae_bacterium_D16,Streptococcus_mitis_oralis_pneumoniae,Anaerotruncus_unclassified,Catenibacterium_mitsuokai,Clostridiales_bacterium_1_7_47FAA,Anaerostipes_unclassified,Sutterella_wadsworthensis,Eubacterium_brachy,Fusobacterium_ulcerans,Bacteroides_clarus,Desulfovibrio_piger,Streptococcus_sanguinis,Phascolarctobacterium_succinatutens,Streptococcus_australis,Veillonella_atypica,Peptostreptococcus_stomatis,Solobacterium_moorei,Bilophila_wadsworthia,Streptococcus_cristatus,Bacteroides_thetaiotaomicron,Alistipes_onderdonkii,Klebsiella_unclassified,Anaerostipes_hadrus,Bacteroides_eggerthii,Blautia_producta,Prevotella_copri,Clostridium_citroniae,Veillonella_unclassified,Parabacteroides_distasonis,Eubacterium_biforme,Methanobrevibacter_smithii,Oribacterium_sinus,Coprococcus_catus,Bifidobacterium_animalis,Holdemania_unclassified,Clostridium_ramosum,Gordonibacter_pamelaeae,Parvimonas_micra,Roseburia_unclassified,Anaerostipes_caccae,Escherichia_coli,Brachyspira_unclassified,Butyricicoccus_pullicaecorum,Bacteroides_intestinalis,CRC
10037,0.0,0.0,0.00597,0.0,2.47269,1.14481,6.58736,17.69016,0.16283,0.0,0.0,3.41101,0.0,0.0,2.47917,3.14223,0.02607,0.0,0.0,0.00148,0.0,0.12219,0.02577,0.0,0.00035,0.0,0.0,0.0,0.0,0.20908,0.0,0.0,0.0,0.0,0.0,0.0,0.00519,0.0,0.0,0.0,0.0,0.00224,0.01778,0.0,0.0,0.0,0.0,0.0,0.0,0.0,0.0,0.27888,0.0,0.0,0.06829,0.22832,0.0,0.0,0.0,0.8311,0.0,0.02007,0.00116,0.35163,0.11804,0.0,0.64208,0.0,0.0,0.0,1.84788,0.0,0.0,0.55009,0.0,0.0,0.0,0.0,0.0,0.0,0.0,0.0,0.0,0.0,0.0,0.0,1.4494,0.0,0.0,0.0,0.00302,0.0,1.19373,0.03774,0.21555,0.19384,0.0,0.0,0.0,0.08314,0.0,0.0,0.0,0.07424,0.0,0.0,0.00331,0.0,0.0,0.0,0.0,0.0,0.0,0.06043,0.0,0.0,0.0,0.00391,0.0,0.00769,0.0,0.0,0.0,0.29586,0.0,0.0,2.42691,0.76167,0.0,0.00571,0.0,0.002,0.0,0.00982,0.0,0.0,0.0,0.04057,0.0,1.41566,0.10995,0.0,0.0,6.51011,0.0,0.02209,0.0,0.0,0.0,0.0,0.0,0.0,0.0,0.0,0.0,0.0,0.0,0.0,0.00596,0.0,0.0,0.17075,0.0,0.0,0.00565,0.41257,0.0,0.0,0.01174,6.22425,0.00243,0.01384,0.0,0.00875,0.03004,0.00114,9.21488,0.0,0.0,0.0,0.0,0.10985,0.0,0.04725,0.02961,23.0413,0.0,0.0,0.0,0.0,0.0,0.0,0.09658,0.0165,0.0,0.0,0.0,1.12283,0.0,0.0,0.0,0
10048,0.0,0.00585,1.84816,0.0,0.49364,0.0,0.53973,2.94942,0.0,0.0,0.0,10.88749,0.01869,0.0,0.74274,0.00686,0.2258,0.0,0.0,0.41448,0.0,0.0,0.00711,0.00364,11.60816,0.0,0.0,0.02092,0.26615,0.00037,0.0,0.0,0.0,0.18744,0.00264,0.0,0.00034,0.0,0.0,0.0,0.03953,0.0065,0.18223,0.00199,0.0072,0.22226,0.0,0.1516,0.0,0.135,0.0897,0.56606,0.0,0.00479,0.35463,0.0,0.0,0.01014,0.0,0.09429,0.0,0.0,0.00661,0.07811,0.0,0.0,0.07336,0.0,0.0,0.29395,0.0,0.01386,0.0,0.0,0.0,0.0,3.78588,1.08727,0.0,0.36815,1.75376,0.0,0.0,0.05406,0.01271,0.0,0.0,0.0,0.0,3.52802,0.0,0.01006,0.04411,0.0,1.09877,0.0,0.0,0.02143,0.0,0.0,0.0,0.0,0.0,0.68424,0.0,0.0,0.70815,0.0,0.00426,0.0,0.0,0.0,0.0,0.9583,0.03807,0.0,0.0,0.0,0.0,0.0,3.02775,0.23145,0.0,0.99986,8.22611,0.0,0.0,0.0,0.0,5.50213,0.0,0.0,0.0,0.0,0.38623,0.0,0.0,0.0,0.01264,1.75566,6.21709,0.0,0.0214,0.00346,5.24633,0.16378,0.0,1.23209,0.0,0.0,1.64368,0.0,0.0201,0.03689,0.35675,0.0,0.0,0.0,0.05789,0.0,1.71629,0.0,0.0,1.922,0.0,0.0,0.0,0.0,0.01195,0.0,0.02733,0.14755,0.0,0.00097,0.0,0.00138,0.03773,0.0,0.0,0.04126,0.0,0.0,0.0,0.0,1.04556,0.0,7.92165,0.0,0.0,0.77973,0.0,0.0,0.0,0.02426,0.0,0.08926,0.0,0.01656,0.0,0.0,0.0,0
10080,0.00433,0.00646,0.0,0.0,7.6393,0.0,0.0,0.0,0.0,0.0,0.0,2.56008,0.0,0.0,0.15803,0.0,0.00066,0.0,0.0,0.00048,0.0,0.06529,0.01537,0.11356,0.0,0.0,0.0,0.00041,0.07706,0.0,0.00439,0.00068,0.0,0.0,0.0,0.0,0.01947,0.0,0.0,0.0,0.0,0.02187,0.0,0.00094,0.00317,0.26267,0.0,0.0,0.0,0.0,0.0,0.0,0.0,0.0,0.01451,0.0,0.01422,1.75863,0.0,0.0,0.0,0.0,0.0,0.01546,0.0,0.0,0.1073,0.0,0.0,0.00261,0.50441,0.0,0.06021,0.0,0.0,0.0,0.0,18.84838,0.0,0.0,0.0,0.0,0.0,0.00753,0.0,0.0,0.0,0.0,0.0,0.0,0.00237,0.0,0.0,0.02548,2.92889,0.01711,2.43416,0.04746,0.0,0.0,0.0,0.0,0.0,0.79995,1.86142,0.0,0.0,0.0,0.0,0.0,0.0,0.01866,0.0,0.0,0.02006,0.0,0.0,0.0,0.02738,0.0,0.0,1.64057,0.0,4.58097,0.00035,18.89684,0.0,0.68036,0.0,15.51713,0.0,0.01667,0.0,0.04901,0.0,0.0,0.0,0.00155,0.00505,0.00443,3.96812,0.0,0.05105,0.00386,2.95908,0.20198,0.0,0.00626,0.0,0.0,0.0,0.0,0.01003,0.06398,0.0,0.0,0.0,0.0,0.02247,0.0,0.0,0.0,0.0,0.0,0.0,0.0,0.0,0.0,0.17231,0.0,0.08481,0.24043,0.0,0.02134,0.0,0.0,0.01568,0.511,0.68992,0.0,0.0,0.03854,0.0,0.0,1.40945,0.0025,0.0,0.0,0.01695,0.0,2.36379,0.0,0.54644,0.0,0.00015,0.0,0.0,3.43931,0.0,0.0,0.0,0
10106,0.0,0.0,0.95501,0.0,0.18907,0.0,0.0,2.88034,0.0,0.0,0.0,7.59683,0.04576,0.62453,0.75764,0.00205,0.07173,0.0,0.0,0.49472,0.0,0.0,0.03589,0.0618,4.35613,0.0,0.0,0.01441,0.19157,0.02241,0.0,0.0,0.00475,0.30998,0.00039,0.0,0.0,0.45147,0.0,0.0,0.0,0.00594,0.11662,0.02991,0.0,0.0,0.0,0.0,0.0,0.04,0.0,0.03638,0.0,0.09651,1.64029,0.0,0.0,0.00364,0.00098,0.18092,0.0,0.0,0.0,0.00026,0.0,0.05363,0.1359,0.0,0.0,0.06919,0.0,0.0,0.0,0.00817,0.0,0.0,0.81978,0.0,1.12611,0.24364,1.54188,0.0,0.0,0.28915,0.00136,0.00787,0.0,0.00222,0.0,0.71523,0.0,0.0,0.2971,3.39374,2.93833,0.0,0.0,0.02254,0.39897,0.07641,0.0,0.0,32.4609,1.38586,0.0,0.01237,2.68537,0.0,0.0,0.0,0.0,0.0,0.0,0.05164,0.0073,0.0,0.00117,0.0,0.02852,0.0,0.0,0.38925,0.0,0.0,5.64143,0.0,0.00965,0.0,0.0,0.72889,0.0,0.02976,0.0,0.0,0.0,0.0,0.0,0.0,0.00375,1.11405,1.39912,0.0,0.01148,0.13265,7.81515,0.03013,0.0,3.7197,0.0,0.0,0.0,0.0,0.06446,0.0,0.81449,1.95439,0.0,0.0,0.06298,0.0,0.0,0.0,0.0,0.0,0.0,0.0,0.0,0.0,0.00226,4.00659,0.05998,0.09496,0.0,0.0,0.00798,0.00483,0.84967,0.0,0.00179,0.52369,0.0,0.0,0.0,0.00922,0.0,0.0,0.0,0.0,0.0,0.0,0.0,0.0,0.0,0.0,0.0,0.10257,0.0,0.0,0.0,0.0,0.0,0
10114,0.0,0.0,0.01358,3.00696,5.98988,3.72537,0.0,3.03974,0.01253,0.0,0.0,10.86448,0.0,0.0,0.17186,0.0,0.22916,0.0,0.0,3.18968,0.08584,0.0,0.0,0.16301,2.7937,1.05594,0.0,0.0,0.0,0.0,0.0,0.12322,0.0794,0.69722,0.0,0.00637,0.0,4.50642,0.06186,0.40594,0.0,0.0,0.03579,0.0,0.0,0.0,0.0,0.0,0.0,0.0,0.0,0.0,0.0,0.0,6.2921,0.03366,0.0,0.0,0.0,0.45205,0.0,0.0,0.0,0.31931,0.08455,0.0,1.00891,0.0,0.0,0.01424,0.78141,0.0,0.03901,0.19438,0.0,0.0,0.0,1.40503,0.0,0.30831,0.0,0.0,0.0,5.23206,0.0,0.0,0.0,0.0,0.0,0.0,0.0,0.0,1.32878,0.0,0.0,0.0,0.0,0.0,0.0,0.03419,0.0,0.0,0.0,0.00448,0.0,0.0,0.0,0.0,0.0,0.0,0.0,0.0277,0.0,0.0,0.0,0.0,0.0,6.54878,0.0042,0.0,0.0,0.61283,0.0,0.0,0.0,0.0,0.01084,1.1608,0.0,1.97503,0.0,0.0,0.0,0.00838,6.89868,0.0,0.0,0.01536,0.0,1.48767,0.02453,0.0,0.0,0.16412,0.0,0.00212,0.0,11.29839,0.0,0.0,0.0,0.0,0.0,0.00803,0.97713,0.0,0.0,0.0,0.0,0.0,0.0,0.00613,0.00705,0.0,0.0,0.03986,0.0,0.0,0.0,0.0,0.00612,0.01431,0.0,0.0,0.00075,0.0,1.47203,0.0,0.0,0.02589,0.0,0.00511,0.0,0.02067,0.01027,0.0,0.0,0.0,0.0,0.0,0.0,0.0,0.13902,0.0,0.0,0.36611,0.0,1.8643,0.0,0.06766,0.0,0
10158,0.0,0.0,0.12633,1.9472,0.0,0.0,0.0,3.22899,0.00674,0.00025,0.0,5.84956,0.0,0.0,0.03358,0.2885,0.0,0.0,0.0,0.20159,0.04835,0.0,0.0,0.0,0.00897,0.0,0.0,0.0,0.14452,0.0,0.0,0.0,0.0,0.0,0.0,0.0,0.0,0.0,0.02739,0.0,0.0,0.0,2.30933,0.0,0.0,0.0,0.0,0.01906,0.0,0.0,0.8347,0.0,0.0,0.0,14.17377,0.0,0.67478,0.0,0.0,0.94902,0.00193,0.0,0.0,0.0,0.1227,0.0,0.00181,0.0,1.36376,0.0,0.0,0.0,0.0,0.40082,0.0,0.0,0.0,0.47649,2.4524,0.0,0.20623,0.0,0.0,0.0,0.0,0.0,0.0,0.0,1.3175,0.0,0.0,0.0,0.28463,0.0,0.056,0.0,0.0,0.0,0.0015,0.32486,0.0,0.0,0.00086,0.03559,0.0,0.02146,3.98655,0.0,0.00067,2.32672,0.0,0.0,0.0,0.02488,0.0,0.0,0.01396,1.46499,0.0,0.0,0.2421,2.7383,0.0,0.24976,4.69085,0.0,0.08652,0.0,0.0,0.29371,1.12076,0.0,0.0,0.0,0.0,0.0,0.0,0.0,0.0,10.03425,0.01138,0.0,0.0,0.0741,4.06104,0.0,0.0,18.72611,0.01556,0.45499,0.0,0.0,0.0,0.0,0.2475,0.36858,0.02993,0.00185,0.0,0.0,0.0,0.0,0.0,3.98409,0.0,0.0,0.0177,0.22354,0.0,2.90753,0.00861,0.0,0.0,0.0,0.0,0.0,0.69022,0.44488,0.0,0.0,0.0,0.0,0.0,0.01003,0.00199,0.34782,1.63118,0.0,0.0,0.0,0.0,0.0,0.0,0.0,0.0,0.0,0.0,0.0,0.0,0.0,0.0,0
10200,1.4592,0.0,0.75886,0.0,0.0,0.0,2.56852,4.18795,0.0,0.12063,0.0,8.85208,0.023,1.76516,4.29596,0.0,0.01761,0.0,0.0,1.69292,0.50196,0.0,0.0,0.0,0.0,0.0,0.0,0.0,1.11213,0.12766,0.0,0.0,0.73517,0.30905,0.0,0.0,0.0,2.13905,0.92179,0.0,0.0,0.0,0.24326,0.04132,0.0,0.01037,0.0,0.16839,0.04374,0.77924,0.7031,0.11377,2.06559,0.62906,9.36938,0.0,0.0,0.0,0.0,0.31805,0.01735,0.0,0.0,0.0,0.0,0.0,0.0045,0.18115,0.0,0.36328,0.0,0.00648,0.0,0.02455,0.0,0.0,0.0,0.0,2.38075,0.04509,0.0,0.0,0.0,1.70313,0.06368,0.0,0.0,0.00169,0.0,1.40076,0.0,0.0,0.59372,0.0,0.59181,0.0,0.0,0.0,0.0,0.05291,0.02311,0.0,0.0,0.0,0.0,0.01251,0.0,0.0,0.66384,0.0,0.0,0.00055,0.0,0.49853,0.0,2.35874,0.0,12.62272,0.0,0.0,1.71472,0.65839,0.0,0.21382,0.0,0.0,0.05183,0.0,0.0,6.90425,0.0,0.0,0.0,0.0,0.0,0.0,0.0,0.0,0.0,16.53069,0.0,0.0,0.0,0.20821,0.0,0.0231,0.0,0.00146,0.1313,0.0193,0.37882,0.0,0.0,0.0,0.18641,0.0,0.0,0.02051,0.0,0.0,0.0,0.0,0.0,0.0,0.0,0.0,0.0,0.0,0.00239,0.0,0.01169,0.0,0.0,0.0,0.02501,0.0,1.61465,0.11585,0.0,0.04736,0.0,0.0,0.0,0.0,0.0,0.04352,0.0,0.25887,0.0,0.20211,0.0,0.0,0.0,0.0,0.0,0.0,0.0,0.93004,0.0,0.0,0.0,0
10212,0.0,0.0,0.99011,3.91786,0.55782,0.0,5.62973,0.09165,0.0,0.0,0.0,2.9433,0.0,0.0567,0.42247,0.00033,0.0,0.0,0.0,0.26371,0.7343,0.0,0.00979,0.0,2.95896,0.0,0.00028,0.0,0.44668,0.06209,0.00029,0.0,0.01922,0.09125,0.0,0.00137,0.00119,1.21751,0.79693,0.0,0.0,0.00231,1.87408,0.06788,0.0,0.0,0.0,0.05149,0.0,0.02767,0.08881,0.09094,0.0,0.17025,0.06163,0.0,0.0,0.0,0.0,0.87988,0.0,0.0,0.0,0.00021,0.00029,0.0,0.00052,0.0,0.0,0.057,0.0,0.0,0.00188,0.00549,0.02856,0.0,0.90108,0.0,0.11193,0.10874,2.40822,0.0,0.0,0.0,0.0,0.0,0.0,0.0,0.0,0.27517,0.0,0.0,0.08101,0.0,0.16148,0.0,0.0,0.22161,0.0,0.00837,0.0,0.0,23.61913,0.22941,0.0,0.0,0.38685,0.0,0.0,0.0,0.0,0.0,0.0,0.4215,0.01402,0.0,0.0,0.69077,0.0,0.0,2.51995,0.13849,0.0,0.03145,8.14201,1.3308,0.03003,0.0,0.0,2.1548,0.0,0.00385,0.0,0.01682,0.0,16.16406,4.08945,0.0,0.0,2.85376,0.22464,0.0,0.00326,0.01852,0.91572,0.05526,0.0,1.51345,0.0,0.08495,0.49064,0.0,0.00906,0.11434,0.10567,0.0,0.0,0.0,0.00542,0.0,0.0,0.0,0.0,0.0,0.0,0.0,0.0,0.0,0.00078,3.77328,0.00504,0.00163,0.0,0.00213,0.00378,0.0011,0.39856,0.0,0.0,0.03362,0.0,0.0,0.0,0.00085,0.06579,0.18624,0.0,0.02859,0.0,0.13324,0.0,0.0,0.0,0.00492,0.0,0.0,0.0,0.04741,0.0,0.0,0.0,0
10223,1.57799,0.0,0.04999,6.15002,0.60031,0.01132,0.0,0.0,0.03193,0.0,0.0,9.17516,0.0,0.0,0.2803,0.01169,0.00108,0.0,0.0,7.22955,0.0,0.0,0.0,0.0,3.61309,0.0,0.0,0.0,0.0,0.0,0.0,0.0,0.0,0.0,0.0,0.0,0.00022,0.00703,0.0,0.0,0.0,0.0,0.0,0.01097,0.0,0.01403,0.0,0.0,0.0,0.0,0.0,0.0,0.0,0.0,4.66158,0.0,0.03214,0.0,0.0,0.36256,0.0,0.0,0.0,0.00269,0.0,0.0,0.12683,0.0,0.0,0.0,0.08457,0.0,0.01101,0.54902,0.0,0.01304,0.0,1.51351,0.0,0.13072,0.0,0.0,0.00024,2.56193,0.0,0.0,0.0,0.09214,0.0,0.0,0.0,0.0,0.40399,0.0,0.13731,0.0,0.8596,0.0,0.11073,0.07215,0.72974,0.0,0.0,0.04686,0.0,0.0,0.0,0.0,0.49911,0.0,0.0,0.08926,0.0,0.0,0.01399,0.0,0.0,4.44752,0.0,0.0407,0.0,0.00149,0.0,0.24588,0.0,4.87871,0.26106,0.75052,0.0,4.00751,0.0,0.0,0.0,0.00111,0.0,0.0,3.79313,0.00643,0.0,10.39207,0.12135,0.0,0.00414,0.0,4.36616,0.01256,0.0,14.44924,0.11136,0.0,0.0,0.0,0.00047,0.00759,0.0,0.0,0.00711,0.87559,0.0,0.0,0.0,0.00745,0.0,4.44611,0.0,0.0,0.02674,0.0,0.0,0.0,0.0,0.00079,0.0,0.0,0.0,0.0,0.0,0.31888,0.0,0.02353,0.0,0.0,0.0,0.02315,0.0,0.0,0.0,0.0,0.0,0.0,0.0,0.09182,0.02662,0.0,0.0,0.0047,0.0598,0.74082,0.0,0.09552,0.0,0
10250,0.0,0.00176,1.05953,0.0,0.9269,0.0,0.0,6.95779,0.04635,0.0,0.0,11.18929,0.02153,0.0,4.97855,0.0,0.01404,0.00057,0.0,1.43005,0.0,0.0,0.01062,0.00486,0.0,0.0,0.0,0.00116,0.28245,0.0,0.0,0.00542,0.0,1.25871,0.0,0.0,0.05948,0.0,0.0,0.0,0.00631,0.00545,3.94969,0.0,0.00068,0.0,0.0,0.0,0.0,0.0,0.1697,0.0,0.0,0.14986,0.65577,0.02753,0.0,0.00425,0.0,0.56436,0.0,0.0,0.00239,0.0812,0.0,0.0,0.11504,0.17908,0.0,0.12213,0.19676,0.0,0.0,0.06819,0.0,0.0,0.0,1.1616,0.0,0.01955,4.76993,0.0,0.0,0.0,0.0,0.0,0.20672,0.23079,0.0,2.58879,0.00551,0.1892,0.4309,0.62469,0.1871,0.0,0.0,0.24288,0.06931,0.04515,0.04743,0.0,0.00081,4.14016,0.00828,0.0,1.71564,0.0,0.0,0.0,0.0,0.00057,0.0,0.3509,0.03086,0.0,0.0,0.00903,0.00444,0.0,0.0,2.68083,0.0,0.00684,0.0,0.0,0.0432,0.0016,0.0,0.90384,0.0,0.12583,0.0,0.00083,0.0,0.0,4.78398,0.00514,0.0,13.95739,12.87678,0.0,0.23109,0.1824,0.09415,0.03501,0.0,7.49262,0.0,0.0,0.0,0.0,0.0,0.01195,0.0,0.0,0.0,0.0,0.05019,0.0,0.0,0.0098,0.05209,0.0,0.00294,0.0,0.0,0.0,0.0836,0.0,0.04955,0.16131,0.0,0.0,0.00866,0.04105,1.40453,0.0,0.00384,0.00532,0.0,0.04785,0.0,0.0,0.69996,0.35943,0.0,0.0,0.0,0.51716,0.0,0.0,0.03713,0.0391,0.0,0.0,0.0,0.23008,0.0,0.02831,0.0,0
10262,0.0,0.0,0.00458,0.0,6.06077,0.0,0.0,25.15284,0.0,0.0,0.0,8.98386,0.0,0.0,0.99072,0.0,0.00635,0.0,0.0,12.69512,0.0,0.0,0.01686,0.0,0.0,0.0,0.0,0.0,0.0,0.0,0.0,0.01376,0.0,0.0,0.0,0.0,0.0,0.0,0.0,0.0,0.0,0.0,0.0,0.0,0.0,0.0,0.0,0.0,0.0,0.0,0.0,0.0,0.0,0.0,5.27632,0.41203,0.0,0.0,0.0,0.0,0.0,0.0,0.00496,0.27663,0.0,0.0,0.58097,0.0,0.0,0.0,0.04055,0.0,0.0,0.14812,0.0,0.0,0.0,1.31055,0.0,0.01674,0.0,0.0,0.0,2.7487,0.0,0.0,0.0,0.0,0.0,0.0,0.0,0.0,0.0,0.0,1.06226,0.58774,4.36956,0.0,0.0,0.06132,0.0,0.0,0.0,0.00085,0.0,0.0,0.0,0.0,0.0,0.0,0.0,0.0,0.0,0.0,0.0,0.0,0.0,0.00066,0.0,0.0,0.0,0.0,0.0,0.0,10.63809,0.0,2.14535,1.59011,0.0,1.95521,0.0,0.0,0.0,0.01907,0.0,0.0,0.0,0.04443,0.0,0.26418,0.11367,0.0,0.0,0.0,0.0,0.04117,0.0,0.0,0.0,0.0,0.0,0.0,0.0,0.01418,0.0,0.0,0.0,0.57961,0.0,0.0,0.0,0.00843,0.62896,4.8538,0.0,0.0,0.0,0.0,0.0,0.0,0.16127,0.0,0.0,0.0,0.0,0.0,0.0,0.0,0.0,0.0,0.0,0.0,0.0,0.0,0.0,0.00318,0.0,0.0,0.0,0.0,0.0,0.0,0.27456,0.0,0.0,0.01093,0.0,0.51053,0.0,0.0,0.0,0
10302,0.0,0.0,0.4163,0.0,0.00047,0.0,0.12339,0.0,0.0,0.0,0.0,4.78292,0.0,0.10035,1.7725,0.04586,0.0,0.0,0.0,0.41582,0.0,0.0,0.0,0.0,7.23644,0.0,0.0,0.0,0.49183,0.00336,0.0,0.0,0.0,0.24856,0.0,0.0,0.0,0.61028,0.0,0.0,0.0,0.0,2.2549,0.00093,0.0,0.0,0.0,0.10489,0.0,0.0116,0.22421,0.07446,0.0,0.26285,0.10598,0.0,0.0,0.0,0.0,0.14262,0.0,0.0,0.0,0.01122,0.0,0.00252,0.01705,0.0,0.0,2.04003,0.0,0.03214,0.0,0.00551,0.0,0.0,0.0,2.52303,0.02593,0.06667,0.59295,0.0,0.0,0.00728,0.09556,0.0,0.0,0.0,0.0,0.0,0.0,0.02199,0.0,0.0239,0.03218,0.0,0.0,0.0,0.0,0.01317,0.0,0.0,1.75696,0.32088,0.0,0.00098,0.99897,0.0,0.0,0.0,0.0,0.0,0.0,0.16563,0.0,0.0,0.05024,0.11112,0.0,0.0,1.53768,0.14246,0.0,0.0,1.38305,0.0,0.00217,0.0,0.0,2.57491,0.0,0.00126,0.0,0.0,0.0,8.85717,0.0,0.0,0.0,11.74393,0.22603,0.0,0.00099,0.02379,0.35877,0.0,0.0,1.29436,0.00333,0.07004,0.41867,0.0,0.0029,0.0,0.06498,0.2705,0.0,0.0,0.0,0.0,0.0,0.0,0.0,1.52695,0.0,0.0,0.0,0.0,0.0,0.0,0.0,0.0,0.0,0.0,0.0,0.0,0.25189,0.04325,0.0,0.21727,0.02121,0.0,35.40817,0.0,0.0184,0.16886,0.0,0.0,0.0,0.22751,0.0,0.00121,0.0,0.00438,0.0,0.0,0.0,1.88204,0.0,0.0,0.01374,0
10325,0.61961,0.0,0.19429,0.0,0.0,0.0,22.62592,0.29019,0.0,0.0,0.0,9.54777,0.0,0.4076,0.53205,0.0,0.0,0.0,0.0,0.23986,0.0,0.34613,0.02383,0.02836,0.47014,0.0,0.0,0.02603,0.63799,0.0,0.0,0.0,0.0,0.21388,0.0,0.0,0.00045,0.11447,0.0,0.36856,0.0,0.00315,5.81538,0.00139,0.0,0.12247,0.0,0.12303,0.0,1.20102,0.0,0.0,0.0,0.32404,0.14628,0.0,0.0,0.02619,0.0,0.11703,0.0,0.0,0.00613,0.0,0.00045,0.0,0.0,0.0,0.0,0.00901,0.0,0.0,0.0,0.0,0.0,0.0,0.48409,0.26397,0.0448,0.01539,0.53029,0.0,0.0,0.0,0.46193,0.02215,0.0,0.0,0.0,0.0,0.0,0.0,0.29527,0.0,3.24814,0.02938,0.0,0.19874,0.0,0.00688,0.0,0.0,0.01358,10.75599,0.0,0.00205,0.5549,0.0,0.0,0.0,0.0,0.0,0.0,0.17667,0.04384,3.35709,0.00678,0.25629,0.0,0.0,0.0,1.31809,0.0,0.13816,2.24854,0.0,0.0,0.0,0.0,0.00726,0.0,0.06315,0.19638,0.00205,0.0,3.81577,0.0,0.0,0.012,4.28777,8.08093,0.0,0.21042,0.00811,5.46149,0.05622,0.0,0.0,0.0,0.1094,0.76546,0.0,0.07687,0.0,0.37014,0.0,0.0,0.0,0.33363,0.01588,0.0,0.0,0.0,0.0,0.0,0.0,0.0,0.0,0.0,1.64083,0.00742,0.19681,0.0,0.0,0.0,0.0,0.30958,0.0,0.0,0.00324,0.0,0.0,0.00409,0.00132,0.84043,0.00056,1.77944,0.0,0.02822,0.08051,0.0,0.0,0.0,0.0,0.0,0.0,0.0,0.00781,0.0,0.0,0.0,0
10350,0.0,0.00256,0.09573,0.00157,0.0,0.02912,5.37429,1.30286,0.00018,0.0,0.0,3.64008,0.0,0.0,1.12529,0.2424,0.0,0.0,0.0,4.0377,0.05383,0.0,0.01109,0.00348,0.0,0.0,0.0,0.00025,0.85644,0.01207,0.0,0.0,0.0,0.12567,0.0,0.0,0.0,7.70596,0.05714,0.0,0.0,0.0,3.46221,0.00679,0.0,0.0,0.0,0.07198,0.0,0.0,1.13578,0.20425,0.0,0.5246,5.45489,0.0,0.0,0.0,0.0,0.49526,0.0003,0.0,0.0,0.00278,0.03898,0.0,0.02214,0.0299,3.50504,0.05061,0.0,0.0,0.0,0.01957,0.0,0.00567,0.0,0.0,0.0,0.03058,0.00219,0.00103,0.0,0.00035,0.00024,0.0,0.0,0.0,0.0,0.0,0.0,0.02571,1.0759,0.00103,0.13674,0.0,0.0,0.00055,0.01004,0.0674,0.0,0.0,14.61104,0.07445,0.0,0.04125,0.0,0.0,0.0,0.21859,0.0,0.0,0.0,0.14967,0.00644,0.0,0.0,2.0787,0.0,0.0,0.06806,0.0359,0.0,0.0,9.27359,0.0,1.03061,0.0,0.0,0.0,0.0,0.00028,0.0,0.0,0.0,0.0,17.53319,0.0,0.0,4.46297,0.01214,1.83715,0.00138,0.0154,0.00746,0.02608,0.0,0.0,0.0,0.0,0.16374,0.0,0.0,0.0,0.13164,0.00064,0.00658,0.0,0.0,0.0171,0.0,0.0,0.0,0.0,0.0,0.0,0.0,0.0,0.0,0.0,0.00167,0.02133,0.0,0.00271,0.03136,0.0,4.47793,1.55554,0.0,0.0,0.0,0.0,0.0,0.04255,0.03453,0.00036,0.45267,0.0,0.0,0.03612,0.0,0.02071,0.0,0.0,0.0,0.0,0.0,0.0,0.13966,0.0,0.0,0
10353,0.0,0.00072,0.18799,0.0,1.9849,0.48881,0.72959,11.96202,0.0,0.0,0.00072,1.27081,0.0,0.0,0.24207,0.0,0.16723,0.0,0.0,0.0,0.35161,0.00127,0.01123,0.46451,0.47167,0.0,0.0,0.00024,0.0,0.0,0.0,0.06977,0.0,0.40372,0.00274,0.0,0.00541,0.0,0.02298,0.04731,0.0,0.00355,0.23087,0.0,0.0,0.07967,0.0,0.0,0.0,0.0,0.0,0.11062,0.0,0.0,0.0,0.0,0.0,0.1111,0.0,0.0,0.0,0.0,0.00487,0.01857,0.0,0.0,0.41597,0.0,0.0,0.0,0.03788,0.0,0.0,0.02707,0.0,0.0,0.0,4.39308,0.0,0.36188,0.0,0.0,0.0,0.0,0.0,0.0,0.0,0.0,0.0,0.0,0.01055,0.03804,0.0,0.0,6.41375,0.14847,0.0,0.028,0.0,0.00248,3.6978,0.07251,0.0,1.84522,0.07726,0.0,0.0,0.0,0.00621,0.0,0.0,0.0,0.0,0.00977,0.16948,0.0,0.0,0.00201,0.0,0.0,2.76475,1.19004,0.0,3.6796,0.0,7.78769,0.0,0.0,0.0,19.20625,0.0,0.08134,0.0,0.0,0.0,0.0,0.0,0.0,0.0,0.22905,1.32646,0.0,0.01038,0.0,0.0,2.12032,0.0,0.0,0.0,0.0,0.0,0.0,0.02018,0.0,0.71491,0.0,0.0,0.0,0.01719,0.0,0.0,0.0,0.0,0.0,0.00106,0.0,0.0,0.0,0.27251,0.0,0.09793,0.21105,0.00019,0.0059,0.0,0.0,0.0,0.0,0.02126,0.27061,0.0,0.0,0.0,0.0,4.74574,0.0038,0.0,0.0,0.0,0.0,0.0,0.0,0.00746,0.0,0.00104,0.0,0.0,2.94688,0.0,0.15418,0.0,0
10362,0.0,0.0,0.57066,0.0,0.01186,0.0,15.48864,0.01102,0.0,0.0,0.0,9.77591,0.0,0.41405,0.80255,0.00152,0.01592,0.0,0.0,0.55421,0.0,0.0,0.0,0.0,0.0,0.0,0.0,0.0,0.48997,0.0,0.0,0.0,0.03832,0.04207,0.0,0.0,0.0,1.79982,0.0,0.0,0.0,0.0,1.06849,0.23648,0.0,0.0,0.0,0.02885,0.00597,0.04105,0.4771,0.06242,0.0,1.61082,24.44911,0.0,0.0,0.0,0.0,0.26694,0.0,0.0,0.0,0.0,0.00265,0.0,0.00239,0.47397,0.81481,0.42538,0.0,0.0,0.0,0.0248,0.00614,0.0,0.0,0.20803,0.81373,0.03785,0.91476,3.97306,0.0,0.0,0.0,0.0,0.0,0.0,0.0,0.0,0.0,0.0,0.30865,0.0,0.01369,0.0,0.0,0.03035,0.0,0.01172,0.0,0.0,0.0,0.17749,0.0,0.02396,2.67871,0.0,0.31924,0.0,0.0,0.00063,0.0,0.00853,0.00084,0.0,0.34331,1.8111,0.0,0.06348,0.31624,0.0,0.0,0.0,2.44318,0.0,0.01718,0.0,0.0,1.37363,0.0,0.0,0.0,0.0,0.0,0.0,0.53016,0.0,0.0,5.70874,0.87045,0.13251,0.0,0.01945,4.10865,0.00224,0.0,2.35157,0.0,0.0,1.43955,0.0,0.0,0.0,0.32106,0.56525,0.0,0.0,0.0,0.0,0.0,0.0,0.0,2.75287,0.0,0.0,0.0,0.0,0.0,2.85587,0.0,0.02184,0.0,0.0,0.00077,0.0,0.00761,0.8984,0.0,0.06531,0.0,0.0,0.00113,0.00216,0.04845,0.0,0.55073,0.0,0.0,0.30394,0.0,0.06765,0.0,0.0,0.0,0.0,0.0,0.0,0.0,0.0,0.0,0
10519,1.90267,0.0,0.33726,0.13155,0.00412,2.9918,6.45041,0.0,0.02732,0.0,0.0,10.13582,0.0,0.40477,0.06337,0.17068,0.0,0.0,0.0,1.12037,0.0,0.02264,0.0,0.0,0.0,0.6393,0.0,0.0,0.18774,0.0374,0.00786,0.0,0.00261,0.43569,0.0,0.00836,0.0,2.897,0.0,0.3771,0.0,0.0,0.96512,0.11006,0.0,0.0,0.0,0.11404,0.32075,0.05016,0.33709,0.0,0.0,1.09304,0.32896,0.0,0.0,0.0,0.0,1.06709,0.0,0.0,0.0,0.00751,0.00329,0.0,0.11056,0.14809,0.43249,0.09898,0.02787,0.0,0.0,0.02307,0.0711,0.0,0.0,1.20794,0.32369,0.03287,0.0,0.0,0.0,0.0,0.03998,0.0,0.0,0.0,0.0,0.40362,0.0,0.0,0.15163,0.0,0.11309,0.0,0.0,0.0,0.00209,0.08993,0.0,0.0,3.1871,0.0177,0.0,0.03465,0.96326,0.0,0.69526,0.01003,0.0,0.00703,0.0,0.01338,0.0,0.0,0.0,0.46847,0.0,0.0,0.98031,0.0,0.0,0.05254,0.80658,0.0,0.0614,0.0,0.00379,0.97826,0.0,0.0,0.0,0.02901,0.0,0.0,0.0,0.0,0.0,5.37749,0.05795,0.10657,0.01683,0.07896,0.71772,0.00419,0.0,0.01271,0.0,0.0,0.11005,0.0,0.0,0.03001,0.4452,1.69476,0.009,0.0,0.0,0.0,0.0,0.0,0.0,1.29366,0.0,0.0,0.0,0.0,0.0,0.0,0.0,0.0,0.0,0.0,0.01518,0.0,0.0,0.00689,0.0,0.0005,0.0,0.0,43.85228,0.0121,0.01363,0.0,0.0,0.00979,0.0,0.04495,0.0,0.0,0.0,0.0,0.0,0.0,0.0,0.46073,0.0,0.0,0.03229,0
10537,0.0,0.10005,0.136,0.0,2.85722,0.0,6.41986,0.24143,0.0,0.0,0.0,2.36102,0.0,0.0,0.36265,0.00645,0.32801,0.02118,0.0,0.0,0.0,0.0,0.0419,0.11662,0.0,0.0,0.0,0.3,0.0,0.0,0.03238,0.0,0.0,0.07503,0.0,0.05571,0.13931,0.0,0.0,0.0,2.20487,0.08232,0.0,0.0,0.0281,7.3436,0.0,0.0,0.0,0.0,0.0,0.20663,0.0,0.08562,0.24493,0.0,0.0,2.19924,0.08904,0.03105,0.0,0.0,0.01595,0.0,0.0,0.0,0.0,0.0,0.0,0.0,0.36747,0.0,0.0,0.00848,0.0,0.0,0.0,0.02868,0.0,0.0,0.04511,0.0,0.0,0.0,0.0,0.0,0.0,0.0063,0.0,0.0,0.00224,0.29746,0.00524,1.19757,11.48089,0.0,0.0,0.15295,0.00077,0.0,0.0,0.00466,0.0,5.10591,0.09727,0.0,0.18881,0.0,0.0,0.0,0.0,0.0,0.0,0.08084,1.98172,0.00101,0.0,0.0,0.02623,0.0,0.63496,0.00339,0.0,0.0,0.0,0.0,0.00681,0.03193,0.0,0.46737,0.0,0.06014,0.0,0.2478,0.05193,0.0,0.0,0.0,0.04975,0.15052,17.27409,0.0,0.24019,0.05781,0.14729,7.60737,0.0046,0.0,0.02014,0.0,0.0,0.0,0.12415,0.0,0.0,0.01999,0.0,0.0,0.12253,0.0,0.0,0.0,0.0,0.0,0.0,0.0,0.0,0.0,0.01543,0.0,0.0,4.74344,0.0,0.00533,0.0,0.0131,1.07886,0.0,0.0,0.0,0.0,0.0,0.0,0.0,17.99292,0.08102,0.0,0.0,0.0,0.17207,0.0,0.0,0.15278,0.0,0.0,0.0,0.0,0.0,0.0,0.03189,0.0,0
10592,0.0,0.0,0.77798,0.0,0.06489,0.0,0.0,0.0,0.1198,0.0,0.0,3.74198,0.0,0.05113,0.99092,0.12849,0.01163,0.0,0.0,0.77435,0.0,0.0,0.01918,4.76222,0.00349,0.0,0.0,0.0,0.0,0.0,0.0,0.0,0.0,0.35568,0.0,0.0,0.0,1.95241,0.0,0.0,0.0,0.0,0.7861,0.0,0.0,0.0,0.0,0.0,0.02908,0.0,0.0,0.0,0.03836,0.10627,0.27471,0.04661,0.0,0.0,0.0,0.24864,0.00715,0.0,0.0,0.03529,0.0,0.0,0.10973,0.0,0.0,0.1634,0.10348,0.0,0.0,0.0203,0.0,0.0,0.0,0.00376,0.89402,0.0,0.0,0.0,0.0,0.06289,0.0,0.0,0.0,0.0,0.0,0.0,0.00559,0.0,0.31969,0.0,0.12946,0.0,0.0,0.02813,0.0,0.0026,0.0,1.15568,0.0,0.05752,0.03099,0.09277,0.0,0.0,0.02616,0.0,0.0,0.0,0.0,0.02249,0.0,0.0,0.0,8.32875,0.0,0.0,0.23565,16.36439,0.0,0.0,0.0,0.0,0.15036,0.0,0.08743,0.45118,0.0,0.02301,0.0,0.02827,2.73449,0.0,11.84309,0.0,0.0,2.88544,0.0,0.0,0.0,0.07315,0.0,0.00075,0.0,0.0,0.0,0.0,0.0,0.0,0.0,0.0,0.0,0.0,0.00354,0.0,0.02575,0.0087,0.0,0.01261,0.0,0.0,0.0,0.0,2.97653,0.0,0.00571,0.0,0.0,0.0,0.0,0.0,0.04376,0.0,2.53289,1.59013,0.0,0.0,0.0,0.0,0.0,0.0232,0.00832,0.0,0.37753,0.0,0.0,0.21936,0.0,0.0,0.03326,0.00488,0.0,0.0,0.0,29.60832,0.0,0.0,0.0,0
10632,0.0,0.0,0.11077,0.0,0.10661,1.15872,6.29458,0.00218,0.0135,0.0,0.0,4.202,0.0,0.86729,0.21218,0.01619,0.02918,0.0,0.0,1.5807,0.0,0.0,0.0,0.08935,1.61127,0.04038,0.0,0.0,0.0,0.05009,0.0,0.0,0.48157,0.20133,0.0,0.0,0.0,4.49489,0.03809,0.0,0.02593,0.0,0.22759,0.0,0.0,0.00904,0.0,0.0,0.28787,0.0,0.31241,0.0,0.0,1.29055,0.5722,0.02217,0.0,0.0,0.0,0.45508,0.0,0.0,0.0,0.0,0.09424,0.00759,0.01106,0.03696,0.0,0.08997,0.00623,0.0,0.0,0.01652,0.00419,0.01304,0.0,0.0,1.42311,0.02666,0.01212,0.0,0.0,0.05038,0.11701,0.0,0.0,0.0,0.0,0.0,0.0,0.48992,0.32398,0.03259,0.1192,0.00601,0.0,0.00066,0.00196,0.10842,0.0,0.0,0.0,0.24525,0.0,0.11328,2.39644,0.0,0.0,0.0,0.0,0.0,0.0,0.0,0.01662,0.0,0.0,7.66942,0.0,0.0,0.48183,0.49436,0.0,0.0,0.0,0.70156,0.05679,0.0,0.08659,1.69622,0.0,0.0,0.0,0.0,0.0,0.0,0.0,0.0,0.0,2.23362,0.69117,0.0,0.00302,0.12031,4.61376,0.04153,0.08824,0.04355,0.01658,0.22255,0.2474,0.00413,0.0,0.0,0.0,0.0,0.03971,0.46599,0.0,0.04757,0.0,0.00911,0.0,0.0,0.0,0.0,0.0,0.0,0.00084,4.38481,0.0,0.03885,0.0,0.0,0.00578,0.0,1.18061,0.06163,0.02404,0.0069,0.0,0.0,39.31507,0.01985,0.01223,0.70712,0.0,0.0,0.0,0.0,0.0,0.0,0.0,0.00413,0.0,0.0,0.0,2.37093,0.0,0.0,0.49427,0
10513,0.0,0.0,0.01585,0.0,1.38713,0.0,0.0,0.0,0.7719,0.0,0.05578,3.35024,0.0,0.0,0.02162,0.0,0.32541,0.0,0.0,0.0,0.0,0.0,0.08784,0.01429,0.0,0.0,0.0,6.38321,0.0,0.0,0.0,0.0,2.61856,0.0,0.0,0.0,0.0,0.0,0.0,0.0,0.0,0.00975,0.0,0.0,0.0,0.30531,0.0,0.0,0.0,0.0,0.0,0.0,0.0,0.0,9.3099,0.0,0.0,0.0,0.16141,0.0,0.0,0.0,0.0,0.0,0.0,0.0,0.28315,0.0,0.0,0.0,0.12247,0.0,0.23741,0.53512,0.0,0.0,0.0,0.0,0.0,0.0,0.0,0.0,0.0,0.0,0.0,0.0,0.0,0.0,0.0,0.0,0.0,0.0,0.0,0.00534,0.04688,0.0,0.0,0.00163,1.17117,0.02153,11.14905,0.0,0.0,0.0688,0.0,0.0,0.0,0.0,6.2888,0.0,0.0,0.0,0.0,0.0,0.00394,0.0,0.0,9.98781,0.0,0.0,0.0,0.0,0.0,0.09119,0.0,0.0,1.01765,0.0,0.0,12.23861,0.0,0.0012,0.0,0.03372,0.07546,0.0,0.0,0.0,0.0,1.70986,0.30453,0.0,0.0,0.0,0.0,7.72279,0.0,0.0,0.0,0.0,0.0,0.0,0.0,0.0,0.0,0.0,0.0,0.0,0.0,0.0,0.0,0.18656,0.21599,0.0,0.0,0.0,0.0,0.0,0.01673,0.0,0.03083,0.69527,0.02057,0.00206,0.0,0.0,12.80309,0.0,0.0,0.0,0.0,0.12869,0.0,0.0,2.31686,0.0,0.0,0.0,0.0,0.0,0.0,0.0,0.03007,0.0,0.0,0.0,0.13124,1.03511,0.0,0.0,0.0,1
10514,0.0,0.0,0.16219,5.12536,0.08985,0.90739,0.17143,1.57655,0.02113,0.0,0.0,4.11679,0.0,0.36185,0.13268,0.90216,0.0,0.0,0.0,0.67621,0.0,0.0,0.0,0.03532,0.18864,0.35929,0.0,0.0,0.1255,0.03925,0.0,0.0,0.00938,0.23406,0.0,0.0,0.0,0.27876,0.0,0.2444,0.0,0.0,3.57091,0.0,0.0,0.0,0.0,0.037,0.03675,0.2868,0.89041,0.03873,0.25694,0.04438,6.38645,0.0,0.11494,0.0,0.03353,1.19191,0.0,0.0,0.0,0.00827,0.01192,0.0,0.04075,0.1175,0.0,0.09846,0.0,0.0,0.0,0.03794,0.02416,0.0,0.0,0.0,1.72754,0.0,1.16248,1.02737,0.01748,1.14673,0.50158,0.0,0.0,0.0,0.84812,0.0,0.01482,0.33293,0.07241,0.0,0.17855,0.0,0.00781,0.0,0.01301,0.03559,0.0,0.91075,0.0,0.01412,0.0,0.07054,4.45191,0.0,6.80797,0.0,0.0,0.02842,0.00406,0.0063,0.00097,6.49967,0.01098,0.0,0.0,0.0,0.28964,0.00801,0.0,0.0,0.0,0.0,0.07016,0.07797,0.0,0.0,0.42758,0.0,2.04515,0.00697,0.0,0.0,6.91466,0.0,0.0,1.50846,0.02567,0.0,0.0,0.02703,0.82859,0.00565,0.01027,21.39058,0.0,0.43191,0.0,0.0,0.0,0.01363,0.20024,0.98229,0.0,0.0225,0.0,0.0,0.32354,0.01353,0.00139,1.10874,0.0,0.0,0.00432,0.0,0.0,1.90521,0.0,0.0102,0.06378,0.00862,0.0,0.0,2.37425,0.08567,0.0,0.0,0.45494,0.0,0.0,0.01662,0.02269,0.0,0.0,0.0,0.0,0.04445,0.0,0.00082,0.0,0.0,0.0,0.0,0.00938,0.53289,0.0,0.0,0.0,1
10527,0.0,0.0,0.12825,0.0,1.00103,0.0,7.37032,0.83663,0.0,0.11786,0.0,3.83021,0.0,0.41108,0.54048,0.06845,0.0,0.00613,0.00558,0.97193,0.00227,0.0,0.0,0.63352,0.0054,0.0,0.0,0.0,0.0,0.04258,0.0,0.0,0.01639,0.25008,0.0,0.0,0.0,1.16602,0.01485,0.0557,0.0,0.0,0.08747,0.0,0.0,0.0,0.80272,0.00617,0.02282,0.00509,0.0,0.18515,0.0,0.10186,2.28683,0.0,0.0,0.0,0.0,0.14745,0.00912,0.0,0.0,0.0,0.00051,0.0,0.00448,0.0,0.44776,0.87505,0.00471,0.0,0.0,0.0,0.00382,0.0,0.0,0.0186,0.35246,0.00282,0.06054,0.63401,0.0,0.08695,0.0,0.03878,0.0,0.0,2.44462,0.0,0.00966,1.04294,0.09812,0.0,0.01482,0.0,0.0,0.0,0.00218,0.02351,0.0,0.49916,0.0,0.0,0.23324,0.1335,1.41247,0.009,0.04017,0.0,0.85343,0.0,0.0,0.0,0.0,0.45319,0.0,0.24071,0.0,0.0,0.15298,0.0,0.0,0.0,1.72674,0.0,0.00327,0.0,0.0,0.17385,0.09224,0.0,0.0,0.00617,0.0,0.0,2.80719,0.0,0.0,3.95387,0.00037,0.23382,0.00088,0.12224,0.0,0.22003,0.30869,0.39053,0.0,0.00581,0.06803,0.0,0.0,0.01417,0.19616,1.17516,0.0,0.00225,0.0,0.0,0.10271,0.01649,0.0,0.0,0.0,0.0,0.0,0.0,0.0,0.0,0.0,0.0,0.0,0.00431,0.0,0.0,1.82551,0.04824,0.0,0.0,7.22723,0.0,39.13288,0.00073,0.03367,2.69357,0.55905,0.0,0.0,0.20259,0.0,0.0,0.0,0.0,0.0,0.0,0.0,4.67044,0.0,0.0,0.02149,1
10532,0.0,0.0,3.21151,0.03827,2.3747,0.0,8.14221,3.09488,0.03056,0.0,0.0,7.25585,0.0,0.0,7.41614,0.11605,0.21976,0.01615,0.0,0.52597,0.0,0.0,0.00339,0.0,0.1231,0.0,0.00041,0.0,0.58124,0.08898,0.0,0.0,0.33673,0.86351,0.0,0.0,0.00088,3.05386,0.00276,0.0,0.0,0.0,2.28153,0.0,0.0,0.0,0.0,0.15679,0.0,0.0,0.44363,0.04897,0.0,0.5465,9.32751,0.04169,0.0,0.0,0.06761,1.09419,0.09435,0.00374,0.0,0.05636,0.08845,0.0,0.27896,0.0,0.0,0.74619,0.22314,0.0,0.00315,0.53477,0.02396,0.0,0.0,0.0,1.16544,0.41273,0.0,1.67575,0.16411,0.04139,0.0,0.0,0.03299,0.00348,0.0,1.82937,0.67139,0.07073,0.35648,0.0,0.0934,0.0,1.82042,0.0,0.05126,0.09746,0.0,0.0,0.0,0.13357,0.0,0.0,3.02021,0.0,1.18692,0.0,0.0,0.0,0.0,0.91044,0.0,0.0,0.0,5.22955,0.0,0.0,0.0,0.04642,0.30127,0.0,1.54671,0.0,0.05961,0.0,0.0183,0.0,0.0,0.03729,0.0,0.00799,0.0,0.0,0.0,0.00371,0.0,0.79677,0.13393,0.0,0.3675,0.01222,3.33117,0.00365,0.00265,7.0423,0.32495,0.12643,0.0,0.0,0.0,0.0,2.64199,0.0,0.00876,0.05788,0.02921,0.03172,0.0,0.00763,0.0,0.0,0.0,0.0,0.0,0.44366,0.16484,2.80284,0.03429,0.00541,0.7149,0.08851,0.06172,0.0,1.50708,0.0,0.0,0.00214,2.42227,0.0,0.0,0.04995,0.04422,0.16577,0.0,0.0,0.0,0.0,0.0,0.01913,0.08866,0.0,0.07498,0.0,0.0,0.16913,0.0,0.0,0.0,1
10544,0.0,0.01709,1.05423,0.21219,0.69238,0.30858,0.0,0.0,0.01573,0.0,0.0,5.81326,0.0,0.10016,3.99343,0.0,0.34227,0.0,0.0,0.79535,0.0,0.0,0.05288,0.0,0.0,0.0,0.0,0.0,0.0,0.0,0.0,0.07766,0.0,0.0,0.0,0.0,0.02055,0.00263,0.0,0.0,0.0,0.01596,0.0,0.00847,0.0,0.0,0.0,0.0,0.0,0.0,0.0,0.0,0.0,0.0,4.44519,0.0,0.06867,0.0,0.0,0.0,0.0,0.0,0.01003,0.15019,0.0,0.0,0.48862,0.0,0.0,0.10631,0.21373,0.0,0.0,0.11056,0.0004,0.0,0.0,10.58673,0.83064,1.0344,0.0,0.0,0.00127,1.87812,0.0,0.04133,0.0,0.0,0.0,5.75239,0.05106,0.0,0.1626,0.0,0.03698,0.0,0.0,0.02322,0.17971,0.0,0.1286,0.0,0.0,0.01809,0.0,0.0,2.22357,0.0,0.0,0.0,0.0,0.0,0.0,1.80901,0.0,0.0,0.0,9.64389,0.04877,0.0,1.8911,4.76458,0.0,4.54566,0.0,0.80249,0.66882,0.0,0.0,3.96457,0.0,0.02935,0.0,0.00048,0.0,0.0,0.0,0.00215,0.05536,0.09938,0.08343,0.0,0.0,2.27914,2.77433,0.02317,0.0,0.0,0.0,0.0,0.0,0.0,0.0,0.02176,1.12997,3.59456,0.0,0.0,0.18577,0.0,0.0,0.00912,0.0,0.0,0.01405,0.02332,1.4101,0.0,0.01037,0.0,0.1165,0.00761,0.05888,0.0102,0.0,0.0,1.63765,0.0311,0.0,2.09749,3.86704,0.0,0.0,0.0,0.11703,1.97378,4.11004,0.0,0.00573,0.0,0.24159,0.0,0.00324,0.0,0.00514,0.0,0.0,0.0,0.0,0.0,0.0,1
10556,1.04041,0.00292,5.5138,0.0,0.08269,0.0,7.22717,1.47923,0.0,0.0,0.0,11.57527,0.0,0.13835,0.03414,0.017,0.0,0.0,0.0,0.02766,0.01951,0.0,0.02469,0.01392,1.67196,0.0,0.0,0.0,0.04367,0.02458,0.0,0.0,0.0,1.98336,0.0,0.0,0.0,1.34628,0.05106,0.0,0.0,0.0,2.9422,0.1108,0.0,0.0,0.0,0.36013,0.0,0.19533,0.0,0.30153,0.04391,0.1787,0.15295,0.0,0.0,0.0,0.0,0.75334,0.00123,0.0,0.0,0.0,0.0,0.0,0.0,0.0,0.0,0.0,0.0,0.0,0.0,0.10789,0.03578,0.0,0.0,0.23154,0.01154,0.04958,1.2961,0.0,0.0,0.0,0.0594,0.0,0.0,0.0,0.0,1.13837,0.0,0.0,0.7449,0.0,0.00701,0.0,0.0,0.0,0.0,0.12973,0.0,0.0,0.0,0.08469,0.0,0.0,0.26356,0.0,0.0,0.0,0.0,0.0,0.0,0.09913,0.0,0.13147,0.33729,0.16365,0.0,0.0,3.37366,0.72285,0.0,0.0,0.0,0.0,0.00827,0.0,0.0,0.2236,0.0,0.0,0.0,0.0,0.0,5.31565,0.0,0.0,0.0,14.31429,0.19821,0.0,0.0,0.18174,0.40871,0.0,0.0,0.0,0.0,0.11888,0.66008,0.0,0.0,0.0,0.1386,0.0,0.0,0.0,0.0,0.0,1.68762,0.0,0.0,0.0,0.00831,0.0,0.00808,0.39836,0.0,16.46303,0.0,0.00569,0.0,0.0034,0.0183,0.0,0.0,0.0,0.0,0.01389,0.0,0.0,11.20342,0.0,0.02752,1.20669,0.58829,0.07125,0.0,0.2172,0.0,0.0,0.0,0.0,0.0,0.0,0.0,0.0,0.0,0.0,0.0,1
10566,0.0,0.0,0.12249,0.0,0.0,0.25918,1.34964,0.0,0.14521,0.44108,0.0,0.76185,0.0,0.89456,3.5541,0.10998,0.0,0.0,0.0,0.05346,0.0,0.0,0.0,0.06969,0.19042,0.1204,0.0,0.0,0.66826,0.08902,0.0,0.0,0.06075,0.34713,0.0,0.00089,0.0,0.01772,0.0,0.0,0.0,0.0,0.0,0.02885,0.0,0.0,1.69221,0.0,0.31397,0.0,0.77053,0.00254,0.0,0.58177,0.14901,0.0,0.0,0.0,0.00352,1.77014,0.07521,0.0,0.0,0.0,0.05399,0.0,0.02563,0.07391,0.62414,0.0,0.00563,0.12183,0.0,0.05672,0.02854,0.0,0.0,0.0,0.6727,0.0,1.23724,0.0,0.01592,0.12499,0.03017,0.0,0.0,0.0163,4.80231,0.28677,0.16172,0.75619,0.37643,0.00779,0.05792,0.0,0.0,0.00076,0.02203,0.09337,0.0,0.00615,6.11145,0.072,0.3197,0.05463,2.62239,0.76759,0.37373,1.67742,0.0,0.00307,0.0,0.00939,0.0,3.74077,0.05787,1.74148,0.0,0.19903,0.6788,0.0,0.0,0.0,0.78394,0.18998,0.09466,0.0,0.05566,0.42793,0.063,0.00421,0.0,0.00179,0.0,4.03958,0.0,0.0,0.0,2.75787,0.16887,0.0,0.0,0.17895,0.17826,0.0,0.0,0.40672,0.0,0.27607,0.40837,0.0,0.00056,0.0,0.04992,0.62908,0.04523,0.00601,0.00842,0.0,1.01399,0.04249,0.0,0.76659,0.0,0.0,0.62731,0.0,0.00888,3.11529,0.03645,0.0,0.23481,0.00987,0.00277,0.0,0.15925,0.8883,0.03536,0.0,0.0,0.0,30.31238,0.00408,0.00135,4.59479,0.0,0.0,0.0,0.08976,0.0,0.0,0.0,0.02338,0.03802,0.192,0.0,0.0,0.00094,0.0,0.0,1
10578,0.0,0.00101,0.22084,0.0,0.04725,0.0,2.86248,0.0,0.02768,0.0,0.0,9.74916,0.0,2.32468,1.29745,0.42361,0.00489,0.03382,0.09976,0.91038,0.0,0.0,0.08852,0.17693,1.52102,0.0,0.00157,0.0,0.25954,0.0,0.0,0.0,0.15938,1.2442,0.0,0.0,0.0,5.19477,0.0,0.0,0.0,0.06181,0.17962,0.0437,0.00221,0.0,0.0,0.13168,0.00671,8.95409,1.19274,0.00839,0.0,2.00704,2.58519,0.0,0.0,0.0,0.00226,0.35844,0.02359,0.0,0.01289,0.01365,0.03747,0.00283,0.0,0.0374,0.0,0.2811,0.00288,0.00955,0.0,0.10851,0.01089,0.02967,0.0,0.43268,0.45722,0.00107,0.002,0.0,0.03611,1.63181,0.0,0.0,0.0,0.02543,3.54506,0.904,0.01777,0.0,0.37476,0.0,0.572,0.0,0.44551,0.04266,0.00779,0.02463,0.0,0.00807,0.0,0.52093,0.0,0.01795,3.45443,0.0,0.12734,0.0,1.37804,0.01965,0.19774,0.13981,0.0,0.01155,0.0,0.0,0.02407,0.0,1.07689,0.0,0.0,0.10036,0.0,0.0,0.05073,0.00473,0.01335,1.02526,0.5869,0.20263,0.0,0.0,0.0,0.0,0.0,0.0,0.03012,3.24923,6.32248,0.0,0.0,0.00277,2.86477,0.07259,0.26102,0.0,0.01239,0.27858,0.33052,0.0,0.03054,0.0,1.00389,0.51684,0.0061,0.02128,0.14072,0.02956,0.0,0.04167,0.0,2.19176,0.01529,0.0,0.46795,0.0,0.17964,0.0,0.5585,0.09616,0.09468,0.03823,0.0253,0.0,1.77935,0.476,0.00209,0.04653,0.0,0.0,0.0,0.00261,0.27529,0.00035,5.47147,0.25053,0.02017,0.3206,0.0,0.02753,0.0,0.00768,0.00652,0.0,0.0,0.07801,0.0,0.0,0.00047,1
10582,0.0,0.0,0.02561,0.0,4.86373,0.0,4.98236,13.57608,0.03557,0.0,0.0,0.51803,0.0,0.0,12.61999,0.14226,4.83416,0.0,0.0,2.49014,0.0,0.0096,0.00481,0.0,0.04345,0.0,0.07462,0.0,0.00508,0.35309,0.0,0.02483,0.0,1.43995,0.0,0.0,0.0,0.0,0.0,0.0,0.0,0.0,1.44163,0.0,0.0,0.0,0.0,0.0,0.0,0.5759,0.6691,0.15118,0.0,0.0,1.28802,0.08539,0.02273,0.0,0.0,0.6318,0.0,0.00056,0.0074,0.56695,0.0,0.0,0.61505,0.0,0.0,14.18557,0.49014,0.0,0.0,0.19682,0.0,0.0,0.0,0.0,0.0,0.23325,0.21997,0.0,0.0,7.84662,0.0,0.0,0.11791,0.0,0.0,0.0,0.00715,0.0,1.2894,0.0,0.02551,0.0,0.0,0.0,1.72747,0.07672,0.0,0.0,0.0,0.0,0.0,0.19289,0.0,0.0,0.46861,0.0,0.0,0.0232,0.0,0.18352,0.0,0.0,3.73959,1.78843,0.0,0.0,1.87053,0.0,0.0,0.0,0.0,0.0,1.74284,0.0,0.0,0.05343,0.0,0.0101,0.0,0.0,0.0,0.0,0.0,0.0,0.0,4.17873,0.0,0.0,0.0,0.0,0.0,0.0,0.0,0.0,1.42185,0.0,0.0,0.0,0.0,0.0,0.31895,0.0,0.05953,0.0,0.02644,0.0,0.0,0.03095,0.0,0.0,0.0,0.0,0.0,0.0,0.00306,0.0,0.00682,0.0,0.0,0.0,0.00363,0.0,0.0,4.24496,0.0,0.09751,0.0,0.05532,0.0,0.00609,0.00173,0.0,0.0,0.0,0.0,0.0,0.0,0.0,0.27331,0.00657,0.0,0.0,0.00432,0.01771,0.0,0.0,0.02058,1
10604,0.0,0.00919,0.7104,0.0,0.16657,0.0,6.66987,0.78607,0.00249,0.0,0.0,9.76302,0.0,0.0263,1.2045,0.0,0.0,0.02997,0.0,0.11523,0.0,0.0,0.02491,0.0,1.97418,0.0,0.0,0.0,0.34333,0.0,0.0,0.0,0.0,1.45086,0.0,0.0,0.00407,0.58104,0.00288,0.0,0.03371,0.01206,1.46267,0.02772,0.01711,0.0,0.0,0.0,0.00254,0.00144,0.20172,0.03152,0.03401,0.02564,0.14554,0.0,0.0,0.02342,0.0,0.23878,0.0,0.0,0.0,0.0073,0.0,0.0,0.14062,0.0,0.12871,0.0,0.0,0.0,0.0,0.00044,0.00496,0.0,0.0,0.0,0.1811,0.11879,0.80499,0.0,0.01679,0.04731,0.53989,0.0,0.0,0.0,0.0,1.93974,0.0,0.0,0.37988,0.09713,0.0523,0.0,0.02963,0.04433,0.00148,0.04663,0.0,0.0,0.40654,0.39639,0.0,0.00803,0.843,0.0,0.10562,0.22122,0.25602,0.0,0.16772,0.33777,0.00041,0.0,0.00396,0.55368,0.0,0.0,3.43751,0.26525,0.0,0.0,0.79663,1.66549,0.01096,0.0,0.01962,1.38326,0.0,0.0,0.0,0.0,0.0,6.07282,0.0,0.0,0.0,18.90594,0.05798,0.0,0.0,0.02952,0.05606,0.00327,0.0,0.0,0.0,0.03686,0.40114,0.0,0.0,0.05099,1.97402,1.90343,0.0,0.0,0.09668,0.0,0.0,0.0,0.0,1.80148,0.0,0.0,0.02043,0.00374,0.00777,0.0,0.0,0.01697,0.00879,0.0,0.00113,0.0,0.8097,0.00823,0.0,0.12027,0.0,0.0,25.33071,0.0,0.00783,0.0021,0.0,0.0,0.0,0.4076,0.0,0.00671,0.0,0.00631,0.0,0.0,0.0,0.12458,0.0,0.0,0.0,1
10616,0.0,0.0,0.14556,0.0,0.02916,0.0,4.74681,3.01528,0.0,0.0077,0.0,6.10021,0.0,0.22797,0.71249,0.02262,0.0,0.0,0.0,0.14587,0.0,0.0,0.00163,0.01529,1.39223,0.0,0.0,0.0,0.53633,0.01982,0.0,0.0,0.0553,0.22724,0.0,0.00688,0.0,1.22372,0.0,0.0,0.0,0.0,4.92146,0.0,0.0,0.0,0.0,0.07802,0.0,0.0,0.41833,0.07856,0.0,0.07552,0.02834,0.0,0.0,0.0,0.00142,0.09902,0.0,0.0,0.00143,0.0,0.0,0.07711,0.0,0.01017,0.0,0.22261,0.0,0.0,0.0,0.01036,0.08346,0.0,0.81872,0.0,0.11662,0.03241,1.53153,0.12119,0.00546,0.0,0.0,0.0,0.0,0.0,0.0,0.0,0.01292,0.08485,0.01822,0.0,0.09467,0.0,1.96291,0.0,0.0,0.13544,0.0,0.11161,0.0,0.20674,0.00596,0.05131,2.78701,0.0,0.01558,0.0,0.0,0.0,0.03495,0.04808,0.00373,0.002,0.0057,0.6238,0.0,0.0,0.16292,10.99815,0.0,0.0,2.57716,0.0,0.00079,0.00159,0.0,0.68404,0.0,0.00858,0.0,0.00757,0.0,29.55655,2.84343,0.0,0.0,3.03303,0.08575,0.0,0.0,0.09756,1.88982,0.17993,0.0,1.32935,0.0,0.27994,0.23863,0.0,0.0,0.02348,0.11462,1.14062,0.0,0.00506,0.0,0.0,0.0,0.0,0.0,0.46366,0.0,0.0,0.07582,0.0,0.0,3.65318,0.00412,0.00673,0.00906,0.0,0.00104,0.0,0.25343,0.58383,0.01257,0.03123,0.0,0.0,0.0,0.0,0.07926,0.83588,1.39891,0.0,0.0,0.05516,0.0,0.0,0.0,0.00299,0.00155,0.0,0.0,0.0,0.0,0.0,0.0,1
10635,0.0,0.0,0.52539,0.0,0.06688,0.0,4.10025,0.00299,0.0,0.0,0.0,10.73217,0.0,0.56839,3.83575,0.0,0.00726,0.0,0.0,0.46423,0.0,0.0,0.03456,0.03365,0.22448,0.0,0.0,0.0,0.25063,0.00378,0.0,0.0,0.0,0.87533,0.0,0.0,0.00104,3.81422,0.0,0.0,0.0,0.00906,0.85609,0.3904,0.0,0.0,0.0,0.16437,0.0,0.36154,1.74411,0.38231,0.0,0.27187,1.7298,0.0,0.0,0.0,0.0,0.15301,0.0,0.0,0.00876,0.0095,0.0,0.0,0.01401,0.0,0.94393,0.29383,0.0,0.0,0.0,0.02419,0.00971,0.0,0.0,0.0,0.62754,0.02311,7.49437,2.85191,0.01006,1.64802,0.0,0.0,0.0,0.0,0.0,0.0,0.0,0.00611,0.24245,0.0,1.66109,0.0,0.0,0.00839,0.00475,0.00137,0.0,0.0,0.0,0.0535,0.0,0.39969,2.84321,0.0,1.61023,0.15741,0.86157,0.0,0.0,0.25804,0.0,0.0,0.0,12.71771,0.00909,0.0,0.28081,0.0,0.0,0.0,6.56455,0.0,0.001,0.52105,0.0,0.0,0.0,0.01143,0.0,0.0838,0.0,0.44826,0.0,0.0,0.0,0.60534,0.41469,0.84237,0.02859,0.24173,3.46036,0.02519,0.0,2.22125,0.0,0.31412,0.24395,0.0,0.01204,0.0,0.43434,0.0,0.00821,0.0,0.11965,0.0,0.0,0.0,0.0,0.01905,0.0,0.0,0.0,0.30839,0.05376,3.02608,0.07142,0.00589,0.02898,0.0,0.00941,0.0,0.197,0.69047,0.00558,0.00258,2.93553,0.0,0.0,0.0,0.0258,0.2759,5.21234,0.0,0.0,0.19901,0.0,0.0,0.0,0.0,0.0,1.63138,0.0,0.0,0.0,0.0,0.0056,1
10645,0.0,0.0,1.8349,0.0,0.0,0.0,5.24584,0.40308,0.0,0.01556,0.0,3.67524,0.0,1.24615,0.2363,0.07358,0.20229,0.0,0.0,0.50325,0.00252,0.0,0.0,0.03456,37.08115,0.0,0.00522,0.0,0.25654,0.02402,0.0,0.0,0.09188,0.32447,0.0,0.0,0.0,0.62006,0.01135,0.0,0.0939,0.0,0.0,0.85523,0.0,0.00525,0.10073,0.10804,0.0,0.24197,0.0,0.04396,0.0,0.00674,0.2883,0.0,0.0,0.13157,0.0,0.58751,0.00392,0.0,0.0,0.0,0.00095,0.0,0.01318,0.0,0.0261,0.0,0.0,0.0,0.0,0.02117,0.0,0.0,0.05797,0.25315,0.31749,0.0198,4.38549,0.00639,0.0,0.02963,0.22704,0.02817,0.0,0.0,0.28468,0.0,0.0,0.00965,0.46202,0.00722,0.0011,0.0,0.0,0.0,0.0028,0.02861,0.0,0.0,0.0,0.09098,0.0,0.0,1.48582,0.03886,0.63835,0.11574,0.0,0.0049,0.04438,0.19391,0.0,2.20912,0.0,0.24379,0.0,0.0,1.51101,0.0,0.0,0.0,0.00074,0.0,0.01341,0.0,0.00097,9.80027,0.01087,0.0,0.0,0.0,0.02554,0.00827,0.41196,0.01687,0.0,6.3772,0.39494,0.0,0.01473,0.01573,2.18571,0.0165,0.0,0.00798,0.0,1.72851,0.30318,0.0,0.01481,0.01956,1.40315,0.0,0.0,0.00976,0.0,0.0364,0.0,0.0,0.0,0.0,0.0,0.0,0.0,0.0,0.0,0.0,0.0,0.0,0.0,0.0,0.06932,0.0,0.21262,0.31078,0.00261,0.05136,0.0,0.0,1.68625,0.00895,0.00324,0.07403,5.95715,0.23704,0.0,0.65171,0.0,0.0,0.0,0.04848,0.0,0.03846,0.0,0.00399,0.0,0.0,0.0,1
10646,0.0,0.03292,0.03166,0.0,11.95042,0.0,0.0,7.08893,0.00463,0.0,0.0,0.0,0.0,0.0,3.90576,0.0,0.0,0.0,0.0,0.50129,0.0,0.0,0.0213,2.64357,0.0,0.0,0.0,0.03689,0.62217,0.0,0.0,0.00579,0.0,0.0,0.0,0.0,0.03833,0.0,0.0,0.0,0.0,0.00341,0.0,0.09871,0.0,0.0,0.0,0.0,0.01346,0.0,0.0,0.0,0.0,0.0,5.70386,0.0,0.0,0.0,0.0,1.47749,0.0067,0.0,0.00795,0.09294,0.0,0.0,0.29104,0.0,0.0,0.32966,0.48563,0.0,0.0,0.0,0.0,0.0,0.0,3.73045,0.0,0.0,0.0,3.36459,0.0,2.48158,0.0,0.0,0.0,0.0,0.0,0.0,0.0,0.0,1.4411,0.0,0.05616,0.0,0.0,0.02734,0.01279,0.09224,0.56448,0.0,0.0,0.24406,0.0,0.0,0.0,0.0,0.0,0.0,0.0,0.0,0.0,0.0,0.37198,0.0,0.0,0.0,0.00118,0.0,0.0,0.0988,0.0,0.12444,0.0,0.0,0.51017,0.90623,0.0,0.0,0.0,0.02682,0.0,0.21224,0.0,0.0,0.0,0.0,0.0,10.68947,0.13128,0.0,0.0,0.16897,0.0,0.0,0.0,24.78953,0.0,0.0,0.0,0.0,0.0,0.0,0.0,0.0,0.0,0.0,0.00486,0.0,0.0,0.0,0.27161,0.0,0.0,0.24981,0.0,0.0,0.0,0.0,0.11252,1.29262,0.0,0.04783,0.08124,0.0,2.71577,0.0,0.0,0.0,0.0,0.0,0.0,0.00041,2.52409,0.0,0.0,0.0,0.0,0.0,0.0,0.0,0.07394,0.0,0.0,0.017,0.11091,6.83148,0.0,0.16632,0.0,1
10656,0.0,0.06169,0.92027,0.0,0.0,0.0,2.35611,0.65255,0.0,0.0,0.0,2.35239,0.0,0.02303,0.22292,0.11056,0.0,0.08912,0.0,0.05721,0.0,0.0,0.03889,0.0,0.94494,0.0,0.0,0.02551,0.00635,0.00232,0.0845,0.0,0.0,0.49425,0.00271,0.18539,0.09904,0.22028,0.0,0.18193,1.38859,0.04813,1.09062,0.0,0.03794,11.00096,0.30929,0.1281,0.0,0.0,0.0,0.04266,0.00712,0.04737,0.2418,0.0,0.0,5.51818,0.03251,0.14041,0.0,0.0,0.002,0.0,0.0,0.00253,0.02664,0.0,0.51697,0.00667,0.0,0.0,0.0,0.0,0.0,0.0,0.47758,0.0,0.0,0.07673,0.0,0.0,0.0,0.0,0.0,0.0,0.0,0.0,0.93585,0.56516,0.01039,0.00642,0.23292,3.60399,1.79562,0.0,0.0,0.03864,0.0,0.00764,0.0,0.02828,2.00585,10.95291,13.39058,0.0,0.44462,0.01772,0.0,0.03827,0.02436,0.0,0.0,0.21793,0.01305,0.0,0.00088,0.01176,0.01544,0.0,0.50196,0.65552,0.0,0.0,3.64079,0.0,0.00055,0.0,0.0,0.13226,0.00416,0.06752,0.0,0.0,0.0,0.0,0.0,0.0,0.01735,0.64055,19.09626,0.24208,1.36592,0.01082,0.03053,0.15391,0.0,1.533,0.0,0.05731,0.36174,0.0,0.12091,0.0,0.35461,0.0,0.0,0.0,0.31211,0.0,0.0,0.0,0.0,0.09888,0.01663,0.0,0.0,0.0,0.20618,1.12698,0.01714,0.10106,0.03848,0.02436,0.01684,0.01029,0.08784,0.0,0.6404,0.00254,0.0,0.0,0.0,0.0,0.42973,0.69773,0.65039,0.0,0.00692,0.05552,0.0,0.0,0.0,0.0,0.0,0.0,0.0,0.0,0.0417,0.0,0.0,1
10660,0.0,0.0,0.2121,0.0,14.23736,0.0,2.15777,9.73834,0.01648,0.0,0.0,0.0,0.0,0.0,7.26453,0.0,0.12268,0.0,0.0,0.7931,0.03207,0.0,0.0053,0.05543,0.0,0.0,0.0,0.0,0.8943,0.0,0.0,0.67844,0.0,0.0,0.11701,0.0,0.0,0.0,0.0,0.0,0.01112,0.03762,0.00215,1.12649,0.0,0.02176,0.0,0.0,0.0,0.0,0.0,0.10511,0.0,0.01205,4.22036,0.0,0.0,0.0094,0.34548,0.01765,0.0,0.0,0.0,0.04693,0.0,0.0,0.09276,0.0,0.20904,0.53132,0.0227,0.0,0.0,0.08297,0.0,0.00114,0.0,0.7969,0.0,0.10931,0.0,0.0,0.18241,0.88847,0.0,0.0,0.0,0.0,0.0,1.71996,0.20382,0.96403,0.76952,0.16103,1.69574,0.0,1.85123,0.01008,0.82852,0.03107,0.0,0.17794,0.0,0.13991,0.0,0.0,1.39956,0.0,0.0,0.0161,0.0,0.0,0.0,0.52278,0.03388,0.0,0.0,0.89024,0.0,0.0,5.59538,0.0,0.0,0.09402,13.32474,0.0,0.0974,0.01302,0.0,4.62882,0.0,0.00544,0.0,0.0,0.0,0.0,0.0,0.0,0.01796,1.90863,0.09551,0.21967,0.04994,0.15303,0.0,0.10318,0.0,2.66118,0.30992,0.0,2.05536,0.00402,0.04491,0.0,3.11633,0.0,0.0,0.0,0.17408,0.0,0.0,0.00075,0.0,0.0,0.06637,0.09571,0.0,0.0,0.01669,0.0,0.0,0.0,1.53004,0.0,0.0,0.0,2.1984,0.0,0.00246,0.78623,0.0,0.0,0.0,0.0,0.0,0.0,0.0,0.0,0.0,0.0,0.0,0.0,0.0011,0.0,0.08753,0.0,0.00275,0.19401,0.0,0.0,0.0,1
10665,0.56381,0.0,0.33853,0.0,2.56769,0.0,0.0,2.81539,0.01145,0.0,0.0,2.02547,0.06786,0.0,0.56891,0.0,0.0,0.0,0.0,0.15365,0.0,0.0,0.00193,0.00187,0.0,0.0,0.00313,0.0,0.0,0.00273,0.53544,0.0,0.0,0.67536,0.0,1.41879,0.0,0.0,0.0,0.0,0.0,0.0,6.63165,0.0104,0.0,0.0,0.04838,0.0,0.0,0.0,0.0,2.13462,0.0,0.0,0.37112,0.0,0.00023,0.0,0.04253,0.05281,0.0,0.0,0.0,0.00402,0.0,0.0,0.18753,0.0,0.0,0.52535,0.10805,0.0,0.00271,0.02132,0.0,0.0,0.0,0.0,0.0,0.0131,0.0,0.0,0.0,0.07789,0.0,0.0,0.0,0.0,16.30072,0.0,0.02933,0.0,0.02077,0.0,1.54501,0.0,0.53665,0.05308,0.01669,0.00431,0.0,2.69381,0.0,0.01228,0.0,0.0,0.06511,2.27912,0.0,0.0,0.10288,0.0,0.0,0.0441,0.0,0.0,0.0,0.36567,0.0,0.0,0.72362,0.0,0.0,0.0,4.40029,0.0,0.05134,0.70565,0.00897,0.49388,0.0,0.0,0.0,0.0,0.0,0.0,0.0,0.0,0.0,0.61196,0.00088,0.0,0.00193,0.0637,0.0,0.00878,0.0,0.55622,0.08009,0.0,0.46772,0.0,0.0,0.18946,0.13982,0.10753,0.0,0.0,0.03721,0.0,0.0,0.01663,0.0,0.0,0.0,0.0,0.0,0.0,0.0,0.0,0.08729,0.0,0.17044,0.00391,0.0,0.0,0.04487,0.02694,0.01824,0.08947,0.0,0.0,41.01721,0.05876,0.0131,1.17505,0.0,0.0,0.0,0.0,0.0,0.0,0.03019,0.0,0.0,0.0,0.0,0.00329,0.0,0.0,0.0,1
10714,0.0,0.0,0.21419,0.0,0.08596,4.23686,0.0,5.9114,0.29974,0.0,0.0,0.19053,0.0,0.82853,1.1606,0.0,0.01601,0.0,0.0,0.0,0.0,1.64131,0.0,0.00661,0.0,1.72597,0.0,0.0,0.11649,0.0,0.0,0.0,0.0,0.0,0.0,0.0,0.0,0.0,0.0,0.0,0.0,0.0,0.1465,0.03398,0.0,2.10028,0.0,0.0,0.0,0.0,4.19678,0.0,0.0,0.00922,11.59319,0.1617,1.05369,0.0,1.24426,0.36026,0.11094,0.00072,0.0,0.0,0.38913,0.0,0.1096,0.0,0.0,0.35152,0.04279,0.0,0.0172,0.19435,0.06131,0.0,0.5799,0.0,0.0,0.02639,0.0,0.0,0.11331,1.06785,0.00069,0.0,0.00497,0.0,0.0,0.0,0.22751,0.0,0.27494,0.0,0.0,0.0,0.0,0.0,0.12617,0.01548,0.513,0.0,3.39122,0.0,0.0,0.0,0.0,0.0,0.0,0.0,0.0,0.0,1.21367,0.03018,0.0,0.0,0.0,0.69774,0.0,0.0,0.0,0.02632,0.0,0.00307,5.1606,0.0,0.1685,0.0,0.0,2.22279,0.0,0.0,0.0,0.0452,0.37008,0.0,0.0,0.0,0.0,2.96123,0.00521,0.0,0.00949,0.0,0.0,0.15461,0.0,14.17675,0.0,0.0,0.0,0.01405,0.0,0.01363,0.0,2.91801,0.04622,0.0,0.0,0.0,0.0,0.04499,0.00715,0.0,0.0,0.00682,0.0,0.0,0.0,0.0,0.0,0.00067,1.41006,1.28377,0.0,0.0,1.87636,5.10035,0.0,0.0,0.0,0.0,0.0,0.03872,0.02634,0.09123,0.0,0.0,0.0,0.0,0.0,0.0,0.00563,0.0,0.06053,1.09561,0.0,0.04653,0.0,0.0,0.0,1
10715,0.0,0.0,0.0,0.0,3.27188,0.0,0.0,8.82974,0.0,0.0,0.0,6.2693,0.0,0.0,0.23591,0.63431,0.0,0.0,0.0,6.48968,0.03191,0.0,0.00221,0.0,1.66568,0.0,0.0,0.0,0.0,0.0,0.0,0.0,0.0,0.0,0.0,0.0,0.0,0.0,0.09168,0.0191,0.0,0.0,0.0,0.0,0.0,0.00608,0.0,0.04712,0.0,5.85571,0.33924,0.0,0.0,0.0,18.89754,0.0,0.02498,0.0,0.0,0.0,0.0,0.00151,0.0,0.01851,0.0,0.0,0.27638,0.0,0.0,0.0,0.29711,0.0,0.0,0.0825,0.01214,0.0,0.0,0.0,0.0,0.0,0.0,0.0,0.0,0.69,0.0,0.0,0.35647,0.21513,0.0,0.0,0.0,0.0,0.54154,0.0,0.00354,0.0,1.05936,0.0,0.0,0.0,0.0,0.0,0.0,0.0,0.0,0.0,0.0,0.0,9.04719,0.0,0.0,0.0,0.0,0.0,0.0,0.0,0.08899,0.36758,0.0,0.00651,0.0,0.0,0.0,0.0,0.0,0.0,0.80145,0.0,0.0,0.0,0.0,0.0,0.0,0.00759,7.97376,0.0,0.0,0.0,0.0,0.1143,0.00451,0.0,0.0,0.16169,0.0,3.8757,0.0,0.0,0.0,0.06604,0.0,0.0,0.0,0.0,0.0,0.0,0.00374,0.0,0.0,0.0,0.0,0.0709,0.2603,0.0,0.0,0.0,1.68936,0.0,0.0,0.0,0.0,0.0,0.0,0.00566,0.13852,0.0,9.33888,0.0,0.0,0.0,6.28199,0.01981,0.0,0.0,0.19124,0.0,0.0,0.0,0.0,0.0,0.0,0.0,0.25079,0.0,0.0,0.0,0.01074,0.0,0.8639,0.0,0.0,1
10725,0.0,0.01168,0.23304,0.61967,0.0,0.02226,0.44296,1.52536,0.0,0.0,0.0,3.58761,0.0,0.05833,0.06975,0.26606,0.0,0.0,0.0,0.24807,0.0,0.00568,0.00187,0.0,0.23266,0.0,0.0,0.01431,0.24612,0.00086,0.06083,0.0,0.00367,0.26451,0.00289,0.14325,0.0,1.14823,0.0,0.05271,0.0,0.00357,0.05132,0.06236,0.0,0.14608,2.89496,0.00356,0.0,0.02356,0.18295,0.07107,0.0,0.29521,0.70204,0.0,0.0,0.10997,0.0,0.19762,0.0,0.0,3E-05,0.0,0.0,0.0,0.00677,0.0,0.37014,0.0,0.0,0.0,0.0,0.00749,0.0,0.0,0.0,0.0,0.77702,0.01567,0.0,0.0,0.00225,0.03281,0.02535,0.0,0.0,0.0,6.94294,0.0,0.00153,0.0,0.06751,0.3083,2.34373,0.0023,0.0,0.001,0.0,0.00757,0.0,0.0,2.59243,1.25683,0.0,0.03329,2.06023,0.23906,0.01716,0.0,0.07968,0.0,0.00248,0.03978,0.06911,0.08022,0.0,0.0,0.0,0.0,0.32966,0.53867,0.0,0.0,0.6618,0.0,0.00672,0.0,0.0,0.1729,0.15808,0.02362,0.0,0.012,0.59448,0.0,0.0,0.0,0.0,1.12902,1.12424,0.05576,0.32132,0.21675,0.05836,0.76704,0.0,0.16352,0.0,0.01231,0.1062,0.0,0.0194,0.06018,0.03862,0.18569,0.00077,0.0,0.01592,0.00982,0.0,0.0,0.0,1.19648,0.0,0.0,0.0,0.06792,0.01426,0.0,0.00839,0.1344,0.01642,0.00333,0.00254,0.0,0.48296,0.03968,0.0,0.0,0.0,0.0,54.98582,0.0,1.42893,0.61907,0.12575,0.0,0.0,0.03324,0.0,0.00012,0.0,0.0,0.0,0.0,0.0,0.0,0.0,0.0,0.0,1
10747,0.70896,0.00113,0.09582,0.0,0.0,0.0,0.68698,8.28593,5.99533,0.06572,0.0,2.56077,0.0,1.256,0.90327,0.0,0.0,0.0,0.0,0.35433,0.0,0.0,0.0,0.0,4.46175,0.0,0.0,0.0,0.0,0.00099,0.0,0.0,1.33486,0.11642,0.0,0.0,0.0,0.11148,0.0,0.0,0.0,0.06284,0.57866,0.00523,0.0,0.0,0.05797,0.0,0.15124,0.23891,0.0,0.03704,0.0,0.22353,1.88268,0.0,0.0,0.0,0.0,0.6222,0.00455,0.0,0.0,0.00804,0.00452,0.0,0.0,0.0,0.13967,0.1532,0.0,0.0,0.0,0.00812,0.11268,0.0,0.0,0.0,3.10256,0.0,0.0,0.0,0.0,0.0,0.0,0.0,0.0,0.0,0.20839,0.0,0.0,0.01499,0.32798,0.0,0.03649,0.16624,0.0,0.0,0.0,0.09094,0.0,0.0,0.33319,0.01564,0.0,0.0,0.53572,0.0,10.12476,0.0,0.12552,0.0,0.0,0.01135,0.0,6.99921,0.01539,1.593,0.0,0.0,0.47797,0.0,0.0,0.0,0.0,0.0,0.0221,0.0,3.23353,0.07256,0.0039,0.00868,0.13561,0.0,0.0,0.56279,0.0,0.0,0.0,14.8794,0.00892,0.04076,0.0,0.00063,0.0,0.0,0.0,0.0,0.0,0.0,0.06176,0.0,0.0,0.0,0.14734,0.0,0.52759,0.13308,0.0,0.0,0.18052,0.0,0.0,1.11571,0.0,0.0,0.0,0.0,0.0,2.92673,0.0,0.0065,0.0,0.00746,0.00286,0.0,2.89366,0.18703,0.0,0.0,0.01282,0.0,8.489,0.02543,0.02621,0.73193,0.39314,0.58484,0.0,0.06986,0.0,0.00557,0.0,0.0,0.0,0.0,0.0,3.71954,0.0,0.0,0.1106,1
10754,0.24864,0.0,0.78737,0.0,0.0,0.0,0.00711,0.02406,0.92615,0.0,0.0,0.18018,0.0,0.25015,3.23025,0.05042,0.0,0.0,0.84084,0.40301,0.00607,0.0,0.0,0.0,1.4155,0.0,0.0,0.0,0.14508,0.00888,0.0,0.0,0.77728,0.07319,0.0,0.0,0.0,2.65253,0.0185,0.0,0.0,0.0,0.01083,0.00223,0.0,0.0,0.08024,0.01224,0.47324,0.29915,0.32451,0.0,0.0,0.00437,0.54808,0.02709,0.0,0.0,0.49296,0.13591,0.02488,0.00341,0.0,0.00684,0.03581,2.47522,0.03586,0.0,0.02426,0.0,0.00755,0.0,0.0,0.08604,0.0,0.0,0.0,0.27162,0.45665,0.0,0.28889,0.0,0.16063,0.5612,0.0,0.0,0.02806,0.0,0.1568,0.0,0.6868,0.0,0.98339,0.0,0.0,0.0,0.0,0.0,0.66348,0.08303,0.0,0.0,0.0,0.02269,0.0,0.0,0.20489,0.0,4.0728,0.10177,0.0,0.00401,0.0,0.00625,0.0,0.0,0.0,12.41522,0.0,0.0,1.55969,0.0004,0.0,0.0,0.02129,1.17773,0.02944,0.0,0.03909,0.60568,0.0098,0.0,0.0,0.07537,0.0,0.0,0.0,0.0047,0.0,16.1378,0.28779,0.0,0.0,0.08202,0.18157,0.0,0.0,0.0,0.0,0.68411,0.00462,0.00179,0.0,0.0,0.19612,1.75013,0.03313,0.00389,0.0,0.0,0.0,0.00613,0.0,0.0,0.0,0.04959,0.0,0.0,0.00906,0.0,0.00366,0.0,0.0,1.02908,0.13875,0.0,0.19317,5.57428,0.0,0.00224,0.0,0.0,0.26607,0.0,0.0,0.82955,0.0,0.0,0.0,0.08131,0.0,0.0,0.0,0.0,0.23505,0.04888,0.0,0.13976,0.0,0.0,0.0,1
10760,0.23103,0.0,0.13373,0.0,0.44302,0.0,0.0,0.001,0.0,0.0,0.0,3.95286,0.0,0.0,0.71967,0.31399,0.01368,0.0,0.0,2.047,0.0,0.0,0.0,0.0,0.0,0.0,0.0,0.0,0.2412,0.02048,0.0,0.0,0.0,0.0,0.0,0.0,0.0,0.0,0.0,0.0,0.0,0.0,0.0,0.00534,0.0,0.0,0.0,0.0,0.0,0.0007,0.0,0.00447,0.0,1.70857,1.9698,0.03159,0.00042,0.0,0.0,0.43053,0.0,0.0,0.0,0.0,0.0,0.0,0.04126,0.0,0.30385,0.49677,0.0491,0.0,0.0,0.0141,0.0,0.0,0.0,0.0,1.01255,0.0994,4.28285,0.0,0.0,0.0,0.0,0.01612,0.0,0.0,0.0,0.0,0.0,0.0,0.3168,0.0,0.0,0.0,0.0,0.0,0.30385,0.0,0.0,0.0,0.0,0.0,0.0,0.0,0.0,0.0,0.24737,4.62005,0.0,0.0,0.0,0.00401,0.0,0.0,0.0,13.68709,0.0,0.0,0.0,0.0,0.0,0.09192,18.3923,0.0,1.05575,0.0,0.0,0.0,0.0,0.0,0.0,0.0,0.0,0.0,25.88056,0.0,0.0,4.20033,0.0,0.0,0.0,3.9503,0.0,0.01306,0.0,0.43137,0.02533,0.24551,0.0,0.0,0.0,0.0,1.11515,0.0,0.0,0.0,0.0,0.0,0.0,0.0,0.0,0.0,0.0,0.00106,0.34496,0.0,0.0,0.0,0.0,0.0,0.01391,0.0,0.0,0.0,1.77024,0.0,0.0,0.0,0.0,0.0,0.0,0.0,0.02208,0.91204,0.0,0.0,0.0,0.0,0.0,0.00019,0.0,0.0,0.0,0.0,0.0,0.30256,0.0,0.0,0.0,1
10761,0.0,0.00846,2.91597,0.0,3.00271,0.0,6.30205,0.0,0.01267,0.0,0.0,7.63558,0.0,0.88739,2.93333,0.00076,1.30812,0.0,0.0,3.68783,0.0,0.00884,0.04645,0.03238,0.0,0.0,0.0,0.02448,0.0,0.07759,0.0,0.0,0.0,0.0,0.00879,0.0,0.10423,0.0,0.0,0.0,0.0,0.06162,2.7548,0.03663,0.00047,0.0,0.0,0.0,0.0,7.67147,0.0,0.03296,0.0,0.45685,0.0,0.04327,0.30908,0.0,0.0,0.58431,0.0,0.0,0.0,0.29806,0.03945,0.0,0.47897,0.0,0.0,0.12618,0.27791,0.0,0.00581,0.20248,0.0,0.0,0.0,0.64716,0.0,0.0,4.56628,0.0,0.09523,31.9464,0.77906,0.0,0.0,0.0,0.0,0.95571,0.02496,0.0,0.61487,0.0,0.24645,0.0,0.0,0.01684,0.0,0.01316,0.0,0.0,0.0,0.18052,0.0,0.0,3.8748,0.0,0.0976,0.0,0.0,0.00313,0.0,0.16623,0.0,0.05125,0.0,0.0,0.09979,0.0,1.50505,0.0,0.3461,0.0,0.0,0.0,0.07051,0.0,0.0,2.72025,0.0,0.16659,0.0,0.03191,0.0,0.0,0.0,0.01594,0.04255,2.18358,0.00902,0.0,0.01324,0.11672,0.00202,0.05474,0.0,0.0,0.0,0.0,0.0,0.0,0.00351,0.0709,1.03855,0.0,0.0,0.34359,0.15457,0.0,0.0,0.00055,0.09714,0.0,0.00525,0.0,0.0,0.0,0.05274,0.0,0.17773,0.02353,0.07316,0.01698,0.01471,0.01118,0.0,0.0,0.0,0.0,0.0,0.0,0.00385,0.00608,0.14191,2.3138,0.0,0.0,0.0,0.80879,0.0,0.0,0.04931,0.0,0.0,0.0,0.0,0.40109,0.0,0.0,0.00105,1
10765,0.0,0.01931,0.0,0.35926,0.31349,0.89631,1.92092,0.93573,0.0,0.0,0.02912,0.0,0.0,0.0,0.7061,0.0,0.0,0.0,0.0,0.0,0.0,0.0,0.11331,0.1728,0.0,0.03788,0.0,0.0,0.0,0.0,0.0,0.00172,0.0,0.0,0.03637,0.0,0.01298,0.0,0.0,0.0,0.04138,0.0403,0.65071,0.0,0.0,0.0,0.0,0.0,0.0,0.0,0.0,0.0,0.0,0.14881,0.07181,0.0,0.11121,0.0,1.03353,0.0,0.0,0.0,0.01658,0.0,0.0,0.0,0.04576,0.0,0.88937,0.0,0.07561,0.0,0.0,0.00661,0.0,0.0,0.0,0.06096,0.0,0.0,0.0,0.0,0.0,1.25959,0.0,0.0,0.0,0.0,4.8086,0.0,0.11213,0.0,0.36959,0.06209,1.09506,0.0,7.08953,0.05476,0.0,0.0,0.0,0.0,0.54574,0.75902,0.0,0.0,0.31338,0.85875,0.0,0.01809,0.0,0.0,0.12612,0.0,0.02604,0.0,0.38222,0.00383,0.0,0.0,0.29867,0.0,0.0,0.0,1.13525,0.0,0.13572,1.30343,0.0,0.0,0.0,0.04728,0.0,0.0,0.0,0.00727,2.65327,0.0,0.04286,0.10885,0.51706,0.18055,0.04944,0.02311,0.0,0.13937,0.0,2.23447,0.04308,0.0,0.0,0.0,0.0,0.52612,0.0,0.53335,0.0,0.01385,0.0577,0.0,0.0,0.0,0.0,0.10271,0.01618,0.0,0.0,0.0,0.0,5.50559,0.00707,0.20163,0.05694,0.01351,0.00576,0.0,0.0,0.0,0.08926,0.0,0.0,0.0,49.66567,0.0,0.30676,0.18783,0.0,0.0,0.0,0.0,0.0,0.0,0.0,0.0,0.0,0.0,0.0,0.0,0.0,0.0,0.0,1
10813,4.10936,0.0,0.21073,0.0,0.23919,0.0,0.83807,3.1751,0.03149,0.0,0.00102,1.55782,0.0,0.0,0.53453,0.05718,0.0,0.0,0.0,4.7079,0.0,0.0,0.00212,0.0,0.0,0.0,0.0,0.0,0.4016,0.0,0.0,0.0,0.0,0.0,0.0,0.0,0.0,0.0,0.0,0.0,0.0,0.0,0.0,0.0,0.0,0.0,0.0,0.0,0.0,0.0,0.0,0.00668,0.0,0.0,38.51455,0.0,0.0,0.0,0.00147,1.69731,0.00237,0.0,0.0,0.0,0.0,0.0,0.0,0.0,0.0,0.0,0.0,0.0,0.0,0.00644,0.0,0.0,0.0,0.0,0.0,0.02672,0.0,1.07288,0.0,0.38314,0.0,0.0,0.0,0.0,0.0,0.0,0.00319,0.0,0.0,0.0,0.0,0.0,0.0,0.0,0.20476,0.10382,0.0,0.0,0.0,0.0597,0.0,0.0,0.0,0.0,0.0,0.0,0.0,0.00491,0.0,0.00648,0.0,0.0,0.0,0.0,0.0,0.0,0.88252,0.0,0.0,0.0,4.5581,0.72556,0.72441,0.0,0.0,2.94993,0.0,0.0,0.0,0.05461,2.79572,0.0,0.0,0.0,0.0,4.64109,0.07363,0.0,0.0,0.0,0.0,0.0,0.0,8.29681,0.41563,0.0,0.43742,0.0,0.0,0.0,0.2384,7.14166,0.32431,0.0,0.0,0.0,0.0,0.0154,0.0,0.97679,0.0,0.0,0.0,0.0,0.0,0.0,0.0,0.0,0.0,0.0,0.0,0.0,1.35988,0.0,0.0,0.03,0.0,0.0,0.0,0.0652,0.0,2.27655,0.0,0.0,0.0,0.0,0.0,0.0,0.0,0.01039,0.0,0.0,0.0,0.0,0.0,0.0,0.0,1
10818,0.0,0.0,0.0,0.0,0.05063,0.0,0.0,8.37459,0.0,0.0,0.0,0.42617,0.0,0.0,0.21338,0.0,0.0,0.0,0.0,0.38784,0.0,0.01431,0.0,0.0,0.0,0.0,0.0,0.0,0.0,0.0,0.0,0.1276,0.0,0.0,0.0,0.0,0.0,0.0,0.0,0.0,0.0,0.0,0.08854,0.0,0.0,0.0,0.33287,0.0,0.0,0.0,0.0,0.0,0.0,0.02889,4.65554,0.44005,0.0,0.0,0.0,0.0,0.0,0.0,0.00082,0.0,0.0,0.0,0.0248,0.0,0.0,0.0,0.35357,0.0,0.0,0.61191,0.0,0.0,0.0,0.0,0.0,0.0,0.0,13.2741,0.0,0.0,0.0,0.0,0.0,0.0,1.18199,0.0,0.0,0.0,0.0,0.0,0.0,0.12882,0.0,0.0,0.0,0.0,0.0,0.23253,0.0,0.00103,0.0,0.0,3.39891,0.12296,0.0,0.0,0.0,0.0,0.0,0.0,0.0,0.0,0.0,0.0,0.0,0.0,0.02522,0.0,0.0,0.0,0.0,0.0,3.44401,1.08272,0.0,0.0,0.0,0.0,0.0,0.0,0.0,0.0,0.0,0.0,0.0,0.56173,0.0,0.0,0.0,0.0,0.0,0.0,0.0,0.0,0.0,0.0,0.0,0.0,0.0,0.0,0.0,0.0,0.0,0.15525,0.0,0.0,0.0,0.12439,0.01184,0.0,0.0,0.72138,0.0,0.0,0.00311,0.0,0.0,0.0,0.0,0.0,0.0,0.0,9.83422,0.0,0.0,0.0,0.0,0.0,0.0,0.0,0.0,0.0,0.0,0.0,0.0,0.0,0.00162,0.0,0.06115,0.0,0.0,0.0,0.0,47.5768,0.0,0.17268,0.0,1
10839,1.65117,0.0,1.36991,0.0,0.41092,0.0,0.0,7.4934,0.15509,0.0,0.0,0.95655,0.0,0.45982,0.91042,0.14246,0.0009,0.0,0.0,0.68544,0.0,0.0,0.00351,0.0,0.0,0.0,0.0,0.0,0.0,0.04888,0.0,0.0,0.16917,0.0,0.0,0.0,0.0,0.0,0.0,0.0,0.0,0.0,0.0,0.0,0.0,0.0,0.0,0.0,1.23327,1.00937,1.32813,0.0,0.07518,0.0,10.09206,0.18814,0.0,0.0,0.04834,2.06417,0.0,0.0,0.00149,0.01146,0.07888,0.02796,0.00225,0.02036,0.61857,0.0,0.05435,0.0,0.0,0.16553,0.12759,0.01423,0.0,6.60401,2.73691,0.05693,1.82126,0.0,0.00031,0.13273,0.0,0.0,0.0,0.0,0.0,0.0,0.00933,0.0,0.43291,0.00475,0.0,0.0,0.0,0.0,0.0785,0.10093,0.0,0.0,0.0,0.00263,0.0,0.50266,1.72796,0.0,2.65206,0.07133,0.0,0.0,0.0,0.03802,0.0,2.29595,0.00793,0.91905,0.0,0.0,1.97611,0.0,0.79322,0.17052,2.20282,0.0,2.00641,0.28253,0.00833,0.0,0.0,0.00461,0.0,0.06595,0.0,0.0,0.0,0.0,0.0,7.53016,0.1116,0.65168,0.0,0.0,0.0,0.0,0.0,8.73969,0.0,0.41749,0.0,0.00612,0.0,0.0,1.41479,6.41649,0.24292,0.0,0.0,0.03915,0.0,0.03357,0.0,0.88481,0.0,0.0,0.00051,0.25579,0.018,1.54889,0.01918,0.0,0.02309,0.0,0.03698,0.0,2.162,3.6432,0.0,0.01201,0.40087,0.0,0.0,0.09625,0.0,1.12917,0.0,0.22304,0.0,0.75499,0.0,8E-05,0.01915,0.0,0.0,0.28504,0.0,0.00491,0.0,0.0,0.0,1
10847,0.0,0.0,0.54095,0.0,0.0053,0.0,1.94317,4.08694,0.11236,7.1245,0.07714,2.58689,0.0,1.75992,2.33021,2.26759,0.0,0.0,0.0,0.06857,0.0,0.0,0.0,0.50143,0.0,0.0,0.0,0.0,0.0,0.0,0.0,0.0,0.50151,0.25223,0.0,0.0,0.0,0.18625,0.0,0.0,0.0,0.0492,0.02695,0.17762,0.0,0.06509,0.0,0.0,0.0,2.23842,0.0,0.07066,0.0,0.0,1.01766,0.0,0.16762,0.0,0.07909,1.04338,0.00603,0.0,0.00033,0.01316,0.03503,0.34217,0.03162,0.0,0.0,0.0,0.02651,0.00329,0.0,0.03218,0.70103,0.0,0.0,0.44008,0.0,0.06669,2.40916,0.0,0.0,0.0,0.0,0.0,0.0,0.0,0.0,0.0,0.16532,0.0,0.06305,0.0,0.00998,0.0,0.31558,0.00093,0.05197,0.05887,0.0,3.08938,0.0,0.31277,0.0,2.13326,2.66068,0.0,19.77238,0.0,0.0,0.0,0.0,0.02835,0.00525,0.0,0.01875,0.02611,0.0,0.0,0.52563,0.0,1.37545,0.0,0.0,0.0,1.38482,0.0,0.2547,0.06917,0.0,0.0,0.0,0.0,0.0,4.50351,0.0,0.00156,0.00951,10.92122,0.5713,0.0,0.33248,0.12182,0.0,0.00952,0.0,0.65614,0.0,0.28301,0.39628,0.0,0.05134,0.0,1.24587,0.0,0.16634,0.0,0.0029,0.0,1.02403,0.02665,0.0,1.47372,0.0,0.0,0.00087,0.0,0.0,1.67269,0.0,0.00176,0.01951,0.07622,0.0,0.0,0.66368,0.0,0.0,0.01006,0.05623,0.0,0.86057,0.04945,0.0,0.22168,3.87696,0.0,0.0,0.71436,0.0,0.0,0.00501,0.0108,0.04379,0.0,0.0,1.54459,0.0,0.0,0.0,1
10931,8.47033,0.0,0.02811,0.0,2.95213,0.0,1.28161,11.08372,0.05303,0.0,0.00228,0.0,0.0,0.0,2.92792,0.0,0.00341,0.0,0.0,0.0,1.05182,0.0,0.0,0.04206,0.08477,0.0,0.0,0.0,0.04446,0.19447,0.0,0.0,0.0,0.10907,0.0,0.0,0.0,0.0,0.83778,0.0,0.0,0.0,0.8942,0.0498,0.0,0.0,0.20855,0.0,0.0,0.00444,0.0,0.01988,0.0,0.01165,1.04554,0.0,0.0,0.0,0.0,0.0,0.0,0.0,0.0,0.05346,0.0,0.0,0.13113,0.0,3.36257,0.0,0.00158,0.0,0.0,0.3873,0.0,0.0,0.57546,0.0,12.44091,0.00083,0.0,0.0,0.0,2.06871,0.0,0.0,0.0,0.0,16.17302,0.0,0.0,0.0,0.0,0.0,0.0,0.0,0.0,0.0,0.32936,0.45108,0.0,0.0,0.32369,0.01647,0.0,0.0,0.89184,0.0,0.0,0.20231,0.0,0.0,0.0,0.15724,0.0,0.0,0.0,0.0,0.0,0.0,0.2877,0.0,0.0,0.0,14.55805,0.0,2.27063,0.0,0.0,0.0,2.45172,0.0,0.0,0.0,0.0,0.0,0.0,0.0,0.0,1.08152,0.01833,0.59556,0.0,3.55391,0.0,0.0,0.0,0.0,0.00749,0.0,0.02146,0.0,0.0,0.0,0.10078,0.0,0.0,0.0,0.0,0.0,0.0,0.0,0.0,0.0,0.0,0.16364,0.49765,0.0,0.0,2.95152,0.0,0.0039,0.00919,0.0,0.0,0.0,0.99407,0.0,0.0,0.0,0.0,0.0,0.0,0.14651,0.00633,0.54502,0.08021,0.0,0.0,0.0,0.0,0.0,0.0,0.0,0.0,0.0,0.0,0.51753,0.0,0.0,0.0,1
11820,0.13729,0.0,0.37497,0.0,2.24158,0.0,0.0,0.66096,0.00426,0.18406,0.0,3.30683,0.0,0.54,2.40005,0.70212,0.38112,0.0,0.0,0.0,0.0,0.0,0.01402,0.0,0.0,0.0,0.0,0.0,0.14337,0.06031,0.0,0.0,0.05451,0.17338,0.0,0.0,0.00035,2.54886,0.0,0.0,0.0,0.0,0.06803,0.06134,0.0,0.0,0.0,0.0,0.10511,0.0,0.71002,0.0,0.0,0.37502,1.90554,0.01107,0.0,0.0,0.0,0.59339,0.07617,0.02065,0.0,0.01331,0.00987,0.0,0.04124,0.0083,0.0,0.0,1.13613,0.16331,0.00203,0.03357,0.00533,0.0,0.0,0.0,2.14725,0.09658,0.0,0.0,0.0,0.0,0.0,0.0,0.00951,0.0,0.0,0.0,0.0,0.0,0.31504,0.0,0.01868,0.0,0.0,0.0,0.0,0.02684,0.0,0.0,0.0,0.0396,0.0,0.00807,0.0,0.0,5.16642,0.0,0.0,0.00398,0.0,0.10754,0.00307,13.87678,0.0,9.94717,0.0,0.0,0.35789,0.0,0.0,0.18581,0.0,0.0,0.03033,0.0,0.0,0.51159,0.0,0.0,0.0,0.0,0.0,0.0,2.87099,0.00033,0.0,4.84904,0.09493,0.0,0.0,0.3032,0.08882,0.01115,0.0,0.58079,0.03151,0.34736,0.0,0.0,0.0,0.0,0.0,1.10883,0.0,0.11678,0.0,0.03129,0.0,0.0011,0.0,2.16113,0.0,0.0,0.0,0.0,0.0,0.0,0.00817,0.0056,0.0,0.0,0.06896,0.0,0.3934,33.80452,0.0,0.00199,0.0,0.00622,0.0,0.0181,0.0511,0.54451,0.0,0.0,0.0,0.0,0.0,0.0,0.34526,0.00297,0.0,0.0,0.0,0.0,0.02194,0.0,0.0,1
11826,3.56921,0.0,0.05948,0.0,1.99572,0.0,1.95695,17.6068,0.23206,0.0,0.0,0.35223,0.0,0.0,9.4367,1.53429,0.16774,0.0,0.0,0.10328,0.0,0.0,0.0,0.0,0.0,0.0,0.0,0.0,0.0,0.0,0.0,0.12048,0.78478,0.0,0.0,0.0,0.0,0.0,0.0,0.0,0.0,0.0,2.15688,0.0,0.0,0.0,0.0,0.0,0.0,0.0,0.74408,0.04137,0.0,0.0,25.26908,0.03864,0.31052,0.0,0.0,1.62421,0.0,0.0,0.0,0.03068,0.14644,0.0,0.22484,0.0,0.0,5.45024,0.26713,0.0,0.00189,0.0741,0.0,0.0,0.0,0.0,0.0,0.15804,0.0,7.59872,0.0,0.0,0.0,0.0,0.00315,0.0,0.0,1.39479,0.0,0.0,0.45997,0.0,0.00201,0.0,0.0,0.0,0.87332,0.04667,0.0,0.0,0.0,0.00218,0.0,0.0,0.0,0.0,0.0,0.0,0.0,0.0,0.0,0.23846,0.0,0.0,0.0,0.0,0.0,0.0,0.5898,0.0,0.0,0.15849,0.0,0.0,1.30532,0.0,0.0,0.18737,0.0,0.0,0.0,0.00582,0.0,0.0,0.0,0.00817,0.0,1.23259,0.10548,0.0,0.0,3.35215,0.0,0.00247,0.0,0.0,0.14338,0.0,0.0,0.0,0.0,0.0,0.76346,5.21494,0.00729,0.3089,0.0,0.0,0.0,0.02751,0.0,0.0,0.0,0.0,0.0,0.0,0.0,0.0,0.02507,0.0,0.0,0.00548,0.02492,0.0,0.0,0.0,0.0,0.01769,0.0,0.04767,0.0,0.31226,0.01676,0.0,0.0,0.0,0.0,0.0,0.0,0.04863,0.24414,0.00142,0.0,0.0,0.0,0.0,0.0,0.0,0.0,1
11831,1.57469,0.0,0.30959,0.0,0.28336,0.5997,3.07033,0.0,0.01695,0.0,0.0,1.86874,0.0,0.0,1.56068,13.7086,0.03443,0.0,0.0,1.78033,0.0,0.0,0.00431,0.0,0.0,0.19312,0.0,0.0,4.90965,0.0,0.0,0.0,0.0,0.93484,0.0,0.0,0.00363,0.0,0.0,0.0,0.0,0.0,4.51997,0.30792,0.0,0.0,0.0,0.0,0.34166,0.0,0.56322,0.0,0.0,0.12031,9.42342,0.00833,0.0,0.0,0.0,0.27237,0.00585,0.0,0.0,0.0,0.0,0.0,0.04974,0.0,0.0,0.35094,0.01377,0.25379,0.0,0.0115,0.0,0.0,0.45922,0.0,0.87217,0.07817,0.0,0.0,0.0113,0.0,0.0,0.0,0.0,0.0,0.0,0.0,0.00915,0.0,0.0,0.0,0.00122,0.0,0.00367,0.0,0.38577,0.07222,0.00299,0.0,0.0,0.05136,0.0,0.10292,0.0,0.0,1.82236,0.0,0.0,0.00728,0.0,0.10904,0.0,0.0,0.0,3.14083,0.00376,0.0,3.16561,0.3962,0.0,1.95347,4.79532,0.0,0.16944,0.0,0.0,5.44202,0.0,0.00124,0.0,0.00063,7.12543,0.0,0.0,0.00281,0.00594,4.74985,0.1412,0.0,0.0,0.0,0.0,0.0016,0.0,7.05861,0.18866,0.0,0.0,0.0,0.0019,0.0,3.71665,0.0,0.00376,0.0016,0.00562,0.01854,0.0,0.00595,0.0,0.05287,0.0,0.0,0.0,0.0,0.00608,0.0,0.06362,0.0,0.05151,0.00233,0.0,0.0,1.00639,3.62245,0.0,0.0,0.0,0.0006,0.0,0.01137,0.01045,1.47679,0.0,0.0,0.0,0.0,0.32661,0.0,0.0,0.0,0.0,0.0,0.0,0.0,0.01109,0.0,0.0,1
11899,0.0,0.0,0.0,0.0,0.69576,0.0,0.0,19.41117,0.9386,0.0,0.0,0.07323,0.0,0.0,0.02359,3.88072,0.00218,0.0,0.0,0.22766,0.0,0.0773,0.0289,0.0,0.76689,0.0,0.0,0.0,0.0,0.28286,0.0,0.0,0.26699,0.12216,0.0,0.0,0.0,0.0,0.0,0.0,0.0,0.08474,2.96234,0.0,0.0,0.0149,0.0,0.56971,0.0,7.89257,0.0,0.0,0.0,0.0,0.0,0.08147,0.0,0.0,0.0,5.57457,0.08975,0.0,0.0,0.0,0.1257,0.0,0.60526,0.0,0.0,0.0,3.55896,0.0,0.00862,0.09441,0.0,0.0,0.0,0.34098,0.0,0.0,8.93238,0.0,0.29163,0.0,0.0,0.0,0.0,0.0,0.0,0.0,0.08494,0.0,0.24079,0.0,0.0,0.0,0.0,0.0,1.52394,0.0,0.0,0.0,0.0,0.02765,0.0,0.0,0.0,0.0,0.0,0.0,0.0,0.037,0.0,0.0,0.0,0.0,0.0,0.0,0.0,0.0,0.0,0.46222,0.0,0.18553,0.0,0.0,1.20701,0.19478,0.24398,1.30088,0.0,0.0,0.0,0.0,2.01081,0.0,0.0,0.07032,0.0,3.34562,0.00993,0.0,0.14743,0.99209,2.27818,0.0,0.00762,0.0,0.0,0.0,0.0,0.0,0.0,0.0,0.0,8.10565,0.05875,0.03803,0.0,0.0,0.0,0.26157,0.05678,0.0,0.0,0.11455,0.0,0.0,0.0,0.0,0.02314,0.0,0.0,0.0,0.0,0.0,10.38656,0.0,0.0,0.0,0.0,0.02671,0.0,0.0,0.00058,0.0,0.0,0.0,0.0,0.70354,0.0,0.0,0.0,0.0,0.01608,0.0,0.17203,5.44461,0.0,0.01756,0.0,1
11920,0.0,0.01366,0.08587,0.0,0.0,0.0,6.91174,0.32253,0.00904,0.0,0.0,3.99724,0.0,1.01706,0.94784,0.01289,0.0,0.0,0.00204,0.16604,0.0,0.0,0.01329,0.03015,0.0,0.0,0.0,0.0,0.2944,0.00587,0.0,0.0,0.1021,0.30062,0.0,0.0,0.00581,0.06,0.0,0.05887,0.51423,0.01466,1.57619,0.02632,0.0025,0.0,0.64075,0.0,0.01786,1.28109,0.4027,0.12435,0.0,0.47904,3.45339,0.0,0.0,0.0,0.044,0.19575,0.0,0.0,0.0,0.0,0.01417,0.0171,0.0,0.24886,1.0478,0.0,0.0,0.0,0.0,0.0,0.07067,0.0,0.0,1.57422,0.08837,0.06238,0.01057,6.7748,0.0,0.41128,0.0,0.0,0.0,0.0,1.45583,0.0,0.03734,0.01574,0.27552,0.36462,0.00363,0.0,0.0,0.00139,0.0,0.00723,0.0,0.0,0.22794,6.59027,0.0,0.00927,1.26384,0.0,0.0,0.00523,0.07898,0.0,0.01022,0.08463,0.00199,5.225,0.00484,0.05627,0.0,0.0,0.12606,1.89701,0.0,0.0,0.74207,0.0,0.00953,0.0,0.00721,0.00128,0.00245,0.02735,0.0,0.0,0.0,0.81506,0.0,0.0,0.0,4.73178,9.2485,0.32122,0.03725,0.02074,1.1564,0.07309,0.03271,1.42604,0.0,0.11768,0.16375,0.0,0.11818,0.0,0.12732,0.04081,0.0,0.00177,0.00748,0.01065,0.98132,0.0,0.0,1.08985,0.0,0.0,0.00173,0.056,0.06732,3.31834,0.00097,0.00508,0.0,0.0,0.01328,0.00379,0.45757,0.00831,0.00478,0.0,0.00159,0.0,21.63818,0.00279,0.012,0.0,1.27859,0.08862,0.0,0.13581,0.0,0.00704,0.0,0.0,0.00525,0.0,0.0,0.04399,0.00677,0.0,0.132,1
11921,0.0,0.0,0.00859,0.0,1.82,0.03648,0.0,0.0,0.04985,0.0,0.0,5.60412,0.0,0.0,0.1121,0.03374,0.0,0.0,0.0,5.89023,0.0,0.0,0.0035,0.0,1.37058,0.00987,0.0,0.0,0.21271,0.09012,0.0,0.0,0.0,0.54577,0.0,0.0,0.0,4.73685,0.0,0.06375,0.0,0.0,0.07159,0.00301,0.0,0.0,2.97285,0.00521,0.0,0.13753,1.01578,0.0,0.0,0.05963,3.99106,0.0,0.0,0.0,0.0,0.70233,0.06316,0.0,0.0,0.0,0.03608,0.0,0.05095,0.0,0.0,0.0,0.07811,0.0,0.0,0.03466,0.0,0.01112,0.0,0.30211,0.0,0.00403,0.79359,0.0,0.0,1.6924,0.09647,0.0,0.0,0.0,9.09945,0.0,0.0,0.0,0.87825,0.0,0.0,0.0,0.93963,0.0,0.03124,0.17113,0.02141,0.0,0.0,0.00217,0.0,0.21484,6.64586,0.73838,0.02154,0.0,0.0,0.0,0.0,0.0,0.0,0.00656,0.0,14.83555,0.0,0.0,0.18749,0.0667,0.0,0.0,0.0,0.0,1.33517,0.26667,0.02707,0.50657,0.0,0.0,0.0,0.0,0.0,0.0,0.0,0.00205,0.0,11.40985,0.00031,0.0,0.0,0.0,1.87537,0.00512,0.0,4.57855,0.02606,0.28844,0.0,0.0,0.0,0.0,0.0,2.14514,0.05336,0.0,0.0,0.0,0.0,0.0,0.0,0.29869,0.0,0.0,0.0,0.0,0.0,4.05887,0.00562,0.0,0.0,0.0,0.07045,0.0,1.13357,1.14671,0.0,0.0,0.0,0.0,0.0,0.0128,0.00841,0.0,0.0,0.0,0.0,0.16762,0.0,0.0,0.01842,0.0,0.0,0.33979,0.0,0.0,0.0,0.0,0.0,1
11922,0.87433,0.00701,0.1649,0.0,2.03268,0.0,2.34177,0.0,0.01463,0.0,0.00663,5.79713,0.0,0.16788,3.05546,0.0,0.02684,0.0,0.0,0.16773,0.0,0.0,0.03597,0.0,0.03024,0.0,0.0,0.03498,0.0,0.02652,0.0,0.0,0.4978,0.0,0.0,0.0,0.0136,5.06523,0.0,0.0,0.0,0.09201,0.03771,0.08997,0.0,0.0,0.0,0.0,0.01526,0.0,1.1155,0.79141,0.0,0.0449,0.24649,0.02793,0.0,0.0,0.00814,0.46235,0.0,0.0,0.01522,0.02813,0.03132,0.0,0.00298,0.0,0.39148,0.43016,0.06768,0.0,0.0,0.09893,0.0,0.0,0.0,0.12799,0.0,0.034,0.0,0.0,0.00668,1.90815,0.0,0.0,0.0,0.04729,0.0,0.37491,0.0016,0.0,0.83305,0.20083,0.15223,0.0,0.0,0.49902,0.00211,0.03615,0.0,0.0,6.5522,0.8342,0.0,0.0,3.20346,0.0,0.0,0.05831,0.0,0.0,0.0,0.07077,0.00812,0.0,0.34596,12.85784,0.00968,0.00615,0.58874,0.0,0.0,0.0,10.08082,0.0,6.00865,0.6156,0.00447,0.0,0.0,0.10029,0.0,0.00256,0.00073,0.0,0.0,0.0,0.04452,10.88008,0.66975,0.30879,0.00553,1.54974,0.81687,1.15522,0.0,0.0,0.0,0.02578,0.95408,0.0,0.04938,0.0,0.0,1.73799,0.0,0.0,0.23471,0.0,0.0,0.00743,0.0,3.71235,0.0,0.0,0.0,0.0,0.09725,0.0,0.23617,0.07719,0.00983,0.04152,0.0,0.01971,4.21898,0.15643,0.0,0.02275,1.9843,0.0,0.0,0.08218,0.71907,0.0,0.0,0.0,0.02198,0.10845,0.0,0.00033,0.00953,0.0,0.0,0.0,0.0,0.00597,0.0,0.0,0.0,1
11940,0.0,0.0117,0.04414,9.27855,0.87971,3.99663,1.48096,0.66967,0.0074,0.0,0.00089,0.80046,0.0,0.0032,3.40496,0.61969,0.0,0.0,0.0,1.74617,0.00367,1.2643,0.00202,0.0,4.11574,0.00334,0.0,0.00042,0.0,0.0,0.0,0.0,0.0,0.59754,0.00111,0.0,0.00195,0.0,0.00985,0.0,0.08094,0.0,0.06639,0.0,0.00126,0.0,0.1572,0.0,0.0,0.0,0.0,0.0,0.0,0.0,2.93204,0.0,0.00401,0.03099,0.00449,0.01436,0.0,0.0,0.0,0.0,0.0,0.02028,0.0,0.0,0.0,0.08638,0.00034,0.0,0.00666,0.44807,0.0,0.0,0.0,0.00441,0.0,0.0,0.0,0.0,0.0,0.0,0.0,0.0,0.0,0.0,10.09808,0.97147,0.00648,0.0,0.20974,0.02779,0.04102,0.09949,0.0,0.00731,0.0,0.0,0.0,1.36341,0.0,0.19389,0.0,0.0,4.76015,0.56464,0.0,0.0,0.0,0.04743,0.0,0.0,0.12051,0.0,0.0,0.86382,0.0,0.0,2.22919,0.0,0.0,0.0,0.0,0.88349,0.72126,0.0,0.0,0.26571,0.00982,0.0,0.0,0.00512,0.0,1.80614,0.0,0.00716,0.0,3.03277,0.67531,0.0,0.08746,0.01807,0.0,0.14599,0.0,0.00737,0.0,0.0,0.0,0.02537,0.02107,0.0,2.70628,0.0653,0.05586,0.0,0.01136,0.0,0.0,0.04685,0.08356,2.98672,0.0,0.00734,0.0,0.0,0.01348,0.0,0.0,0.03048,0.00921,0.07784,0.0,0.0,2.29728,0.0,0.0,0.0,0.0,0.04255,14.62779,0.0,1.27469,12.42488,0.52596,0.0,0.0,0.0,0.0,0.0,0.0,0.0,0.0,0.0,0.0,0.15009,0.0,0.0,0.0,1
11957,0.0,0.00909,0.11522,0.0,0.00068,0.0,0.08552,0.03886,0.30585,0.0,0.0,0.13929,0.0,0.30349,1.00089,0.00362,0.0,0.01385,0.0,0.07718,0.0,0.0,0.0,0.03869,39.68154,0.0,0.0,0.0,0.0,0.0,0.00564,0.0,0.0,0.0415,0.0,0.0046,0.0,1.78347,0.0,0.0,0.0,0.0,0.67793,0.09709,0.0,0.04986,0.0,0.0,0.31004,0.34891,1.45511,0.0,0.0,0.0,0.35634,0.02254,0.0,0.01473,0.0,0.14924,0.01385,0.0,0.0,0.0116,0.0223,0.0,0.14272,0.0,0.0,0.25834,0.05343,0.0,0.09453,0.01383,0.00036,0.0,0.0,0.06097,1.7947,0.01755,0.0,0.0,0.3195,2.58503,0.0,0.0,0.01571,0.00072,0.0,0.0,2.00766,0.0,0.16282,0.02864,0.07986,0.0,0.0,0.0,0.41919,0.01726,0.00746,0.0,0.0,0.0046,0.0,0.04567,2.24392,0.0,0.0,0.0,0.0,0.01128,0.0,0.02419,0.0,0.0,0.0,0.84064,0.0,0.0,1.82136,0.05585,0.41742,0.0,0.0,0.0,0.15156,0.0,0.77737,5.1138,0.0,0.0,0.0,0.02813,0.0,0.0,0.0,0.00463,0.0,3.98873,0.71151,0.0,0.23262,0.07259,0.0,0.0,0.0,0.33335,0.0,0.44273,0.08541,0.0,0.0,0.02591,0.00465,0.67611,0.08891,0.0,0.0,0.0,0.0,0.00169,0.0,0.01479,0.0,0.02319,0.0,0.07371,0.00193,0.4098,0.0,0.0,4.57629,0.49397,0.01955,0.0,0.15107,1.97145,0.0,0.00134,0.00187,0.0,0.0,0.0378,0.00133,0.0019,0.0,0.0,0.0,0.04427,0.0,0.00502,0.02039,0.00983,0.11121,0.0,0.00249,0.03941,0.0,0.0,0.0,1
11982,0.0,0.0,0.51038,0.86392,0.0,0.0,8.40968,0.84109,0.0,0.0,0.0,16.21057,0.0,2.0553,0.33346,0.0,0.0,0.0,0.0,0.7644,0.02874,0.0,0.02341,0.02267,3.04497,0.0,0.0,0.0,0.73435,0.0,0.0,0.0,0.22235,0.77719,0.0,0.0,0.0,2.47692,0.03036,0.09877,0.0,0.0,1.91689,0.5667,0.0,0.0,0.0,0.15522,0.0,0.99609,0.0,0.0,0.0,0.31165,1.82077,0.0,0.0,0.0,0.0,0.9872,0.0,0.0,0.0,0.0,0.00353,0.0,0.0,0.0,0.0,0.05956,0.0,0.0,0.0,0.0,0.00755,0.0,0.0,0.01661,0.0,0.00427,0.0,1.74542,0.0,0.0,0.06518,0.24555,0.0,0.0,0.0,2.28592,0.0,0.0,0.02583,0.0,0.26579,0.0,0.0,0.02797,0.0,0.0,0.0,0.0,0.0,0.00535,0.0,0.0,0.87624,0.0,0.0,0.0,0.0,0.0,0.15951,0.0367,0.0,0.96352,0.0,1.28501,0.0,0.12628,0.43542,1.0392,0.0,0.0,0.30949,0.04941,0.00863,0.0,0.0,0.03874,0.0,0.0,0.0,0.00197,0.09935,3.57704,0.0,0.0,0.0,4.75208,0.0,0.0,0.0,0.18383,5.35035,0.0,0.0,3.61794,0.0,0.0,0.3088,0.0,0.0,0.02103,0.03568,2.58204,0.0,0.0,0.0,0.0,0.0,0.0,0.0,0.0,0.0,0.0,0.0,0.0,0.0,6.93501,0.0,0.0,0.0,0.0,0.0,0.0,0.01106,0.0,0.0,0.0239,0.0,0.0,8.93934,0.0,0.00222,0.56532,0.0,1.44113,0.0,0.05996,0.0,0.0,0.0,0.0,0.0,0.0,0.0,0.0,0.04378,0.0,0.0,1
12014,1.47536,0.01272,0.96322,0.0,0.03102,0.0,0.32335,4.3998,0.00435,0.0,0.0,14.95712,0.0,1.89086,1.84492,0.065,0.00331,0.03459,0.0,0.03734,0.0,0.0,0.00443,0.0,4.43068,0.0,0.0,0.06713,0.89492,0.00909,0.00903,0.0,0.05921,0.82867,0.0,0.0,0.00507,0.0,0.0,0.0,0.04155,0.00607,0.03628,0.16008,0.00172,0.14291,0.0,0.04663,0.0,0.24432,0.0,0.08518,0.0,0.13829,4.45609,0.0,0.0,0.0047,0.0,0.55636,0.0,0.0,0.00231,0.0,0.00436,0.0,0.0,0.0,0.0,0.67606,0.0,0.0,0.0,0.00392,0.04353,0.0,0.0,0.08166,2.72772,0.03259,0.0,4.4641,0.0,0.0,0.67748,0.0,0.0,0.0,0.0,1.94632,0.00765,0.0,0.0,0.09866,2.12902,0.0,0.0,0.02134,0.00423,0.0356,0.0,2.84662,0.0,1.30275,0.0,0.0,0.00261,0.0,0.0,0.0,0.22553,0.00153,0.04398,0.84866,0.43964,0.0,0.0,0.00085,0.00918,0.0,1.67651,3.97661,0.0,0.04617,1.43112,0.0,0.05123,0.0,0.00116,1.84322,0.0,0.05154,0.0,0.00896,0.00762,0.0,0.0,0.0,0.0,2.19451,4.28841,0.0,0.19478,0.41024,0.0,0.43254,0.0,0.0,0.01341,0.0,0.0,0.0,0.00189,0.04761,3.99935,2.24328,0.0,0.0,0.06498,0.0,1.15555,0.0039,0.0,0.0,0.00616,0.0,0.0,0.0,0.03716,0.0,0.05521,0.21557,0.00105,0.00877,0.0,0.00253,1.49201,0.0,0.4232,0.00656,0.0,0.0,4.20825,0.03086,6.96644,3.67217,1.07337,0.0,0.01495,0.33319,0.0,0.0,0.0,0.0,0.0,0.0,0.0,0.00596,0.0,0.0,0.0,1