feature,mean_positive_shap,mean_abs_shap,mean_signed_shap,positive_rank
Parvimonas_micra,0.01721988589230798,0.03256475468272612,0.0018750171018898653,1
Gemella_morbillorum,0.013377216634263113,0.025309127685830685,0.0014453055826955216,2
Peptostreptococcus_stomatis,0.011981193710660726,0.02228647229358566,0.0016759151277357719,3
Dialister_pneumosintes,0.008435768787444384,0.017010586614904177,-0.00013904904001539345,4
Fusobacterium_nucleatum,0.007977943926978133,0.013344065566703802,0.0026118222872524694,5
Solobacterium_moorei,0.007076337071238951,0.012786869250574128,0.0013658048919037596,6
Roseburia_intestinalis,0.005797431819648842,0.01111339534063202,0.00048146829866566385,7
Ruthenibacterium_lactatiformans,0.005340859135120247,0.009349877928787845,0.0013318403414526428,8
Eubacterium_eligens,0.00505308012813098,0.01024583663317588,-0.00013967637691392754,9
Bacteroides_caccae,0.0042463304029073815,0.007878058212126794,0.0006146025936879764,10
Eubacterium_ventriosum,0.004156057250929734,0.006824238110669317,0.0014878763911901443,11
Faecalibacterium_prausnitzii,0.004089958375020841,0.006911157704352064,0.0012687590456896226,12
Anaerostipes_hadrus,0.004082583098468964,0.007096528634672075,0.0010686375622658596,13
Streptococcus_salivarius,0.004051466923477702,0.007740081428630076,0.00036285241832532294,14
Streptococcus_oralis,0.004027984448993825,0.006675117558177992,0.0013808513398096659,15
Clostridium_symbiosum,0.0038349993868726927,0.007597132251998963,7.286652174643093e-05,16
Streptococcus_mitis,0.0034758352472158767,0.006206743341533368,0.0007449271528983835,17
Anaerotruncus_colihominis,0.0033671773991103384,0.00579029106495738,0.0009440637332632868,18
Ruminococcus_bicirculans,0.0028390318797342656,0.0052203805923864465,0.00045768316708208397,19
Fusicatenibacter_saccharivorans,0.002730694976887449,0.004965555090641043,0.0004958348631338476,20
Hungatella_hathewayi,0.002409883104391327,0.004444689492894588,0.0003750767158880625,21
Roseburia_faecis,0.0024096307846819846,0.004005409988966981,0.0008138515803969776,22
Bacteroides_thetaiotaomicron,0.002376842379416666,0.004345951650605488,0.0004077331082278489,23
Alistipes_finegoldii,0.0022817082707297467,0.004449145619236981,0.0001142709222225161,24
Eubacterium_sp_CAG_38,0.002149181905140218,0.003679078518423667,0.0006192852918567695,25
Flavonifractor_plautii,0.002073964279031582,0.0038298547612792646,0.0003180737967838966,26
Collinsella_aerofaciens,0.002005280902096846,0.0034743128376569124,0.000536248966536777,27
Parabacteroides_distasonis,0.001998367302161881,0.0038483504223521736,0.00014838418197158588,28
Streptococcus_anginosus_group,0.001984881291521486,0.00399522280337416,-2.546022033118453e-05,29
Roseburia_hominis,0.001973456790474647,0.00395154922530202,-4.63564435272564e-06,30
Ruminococcus_gnavus,0.001939052966688719,0.003027017726206267,0.0008510882071711705,31
Clostridium_leptum,0.0019051385559215668,0.0038772883865860665,-6.701127474293608e-05,32
Clostridium_sp_CAG_58,0.0018903727433993106,0.0031828038835286163,0.0005979416032700066,33
Adlercreutzia_equolifaciens,0.0018880867753221168,0.003070934712743444,0.0007052388379007857,34
Eisenbergiella_tayi,0.001851174637564992,0.0034488686734986886,0.00025348060163130043,35
Intestinimonas_butyriciproducens,0.0017976841216871822,0.0034116314104956757,0.00018373683287868336,36
Gemella_haemolysans,0.001773621287566401,0.0031153364260110977,0.0004319061491217007,37
Asaccharobacter_celatus,0.0017587280388980091,0.0034068809003524984,0.00011057517744352394,38
Odoribacter_splanchnicus,0.001708611348010054,0.0027794136310210224,0.000637809064999083,39
Mogibacterium_diversum,0.0017003221621326868,0.0033435714803326413,5.707284393273749e-05,40
Haemophilus_parainfluenzae,0.0016928516928306806,0.0031257543112777108,0.0002599490743836564,41
Parabacteroides_merdae,0.0016342905131022318,0.0030476780128711575,0.00022090301333330773,42
Clostridium_citroniae,0.0015970152578807714,0.002553725883617165,0.0006403046321443775,43
Clostridium_bolteae,0.001577428050724313,0.003009899046412023,0.00014495705503660453,44
Lachnospira_pectinoschiza,0.0015619848059762592,0.002913628983215559,0.0002103406287369602,45
Dorea_formicigenerans,0.0014781714309702863,0.0026495277486050435,0.00030681511333552374,46
Bifidobacterium_longum,0.0014404346442132405,0.003066178662537426,-0.00018530937411094089,47
Proteobacteria_bacterium_CAG_139,0.0014370401026862448,0.0030304333645645885,-0.00015635315919209996,48
Butyricimonas_virosa,0.001431258168831563,0.0028827349763169232,-2.0218638653802462e-05,49
Eubacterium_hallii,0.0014312209554386097,0.002859712573616089,2.729337261134009e-06,50
Agathobaculum_butyriciproducens,0.0013534420369162856,0.0024686726413363567,0.00023821143249621443,51
Actinomyces_sp_oral_taxon_181,0.0012827802451851463,0.003121350140020499,-0.0005557896496502032,52
Bifidobacterium_adolescentis,0.0012365901234928874,0.0020604228892411513,0.00041275735774462264,53
Akkermansia_muciniphila,0.001219458616370531,0.0026177409306282857,-0.0001788236978872235,54
Eubacterium_rectale,0.0011968130007644967,0.0023574629197220163,3.6163081806973006e-05,55
Bacteroides_nordii,0.0011889235674038495,0.0022187638539491843,0.00015908328085851558,56
Turicimonas_muris,0.0011808523535455126,0.001813876089397422,0.0005478286176936056,57
Blautia_wexlerae,0.0011762044408121918,0.0020661412020158572,0.000286267679608525,58
Bacteroides_vulgatus,0.001164153451057402,0.0019714407660512087,0.00035686613606359654,59
Allisonella_histaminiformans,0.0011543091197505895,0.002311220344042881,-2.602104541700361e-06,60
Parasutterella_excrementihominis,0.001145635154278595,0.00198721136121231,0.000304058947344881,61
Alistipes_putredinis,0.0011337064365757308,0.002176698662110637,9.071421104082515e-05,62
Bilophila_wadsworthia,0.0011109875781928561,0.002237893093775507,-1.5917937389800046e-05,63
Veillonella_parvula,0.001098231684412777,0.001963567447290073,0.000232895921535481,64
Anaerotignum_lactatifermentans,0.0010791009250093375,0.0020794867602514804,7.871508976719356e-05,65
Gemmiger_formicilis,0.001063664013181723,0.002109253393314072,1.807463304937172e-05,66
Clostridium_clostridioforme,0.0010596803745027276,0.002016851724450369,0.00010250902455508528,67
Bacteroides_plebeius,0.001043822427092073,0.0021517417400753773,-6.409688589123323e-05,68
Ruminococcus_torques,0.0010283995492164247,0.002182860989840123,-0.0001260618914072728,69
Collinsella_intestinalis,0.0010233246642196287,0.001822820536530394,0.000223828791908864,70
Streptococcus_thermophilus,0.0010096759217035787,0.002332648121044768,-0.00031329627763761235,71
Roseburia_inulinivorans,0.0009578058129796888,0.0016903685981724688,0.00022524302778691242,72
Bacteroides_fragilis,0.000954603145023799,0.0019272425191690945,-1.8036229121495934e-05,73
Streptococcus_parasanguinis,0.0009352218440272347,0.0020265183291505863,-0.0001560746410961156,74
Christensenella_minuta,0.0009256253580064527,0.001963380381147089,-0.00011212966513418265,75
Harryflintia_acetispora,0.0008972168775097171,0.0013227786914232651,0.0004716550635961689,76
Alistipes_indistinctus,0.000890689796560533,0.001704606519333957,7.677307378710868e-05,77
Bacteroides_xylanisolvens,0.0008487417950774304,0.0014890557793939315,0.00020842781076092643,78
Coprobacter_fastidiosus,0.0008391382100983686,0.001725083070529755,-4.6806650333016496e-05,79
Coprococcus_comes,0.0008236269515192314,0.0019115738118924846,-0.0002643199088540243,80
Eubacterium_sp_CAG_274,0.0008137635911053186,0.0016643996479900893,-3.687246577945392e-05,81
Lactobacillus_rogosae,0.0008062239700121091,0.0013370338805816858,0.0002754140594425334,82
Bacteroides_uniformis,0.0007712704719336213,0.0017222136058041842,-0.00017967266193694295,83
Alistipes_shahii,0.0007679239526089014,0.0014695052314422522,6.634267377555103e-05,84
Pseudoflavonifractor_sp_An184,0.0007566051561478851,0.0014074714875033146,0.00010573882479245616,85
Escherichia_coli,0.0007534607513124604,0.00145894349930616,4.7978003318760855e-05,86
Bacteroides_ovatus,0.0007524998780255116,0.001651129935219501,-0.00014613017916847822,87
Phascolarctobacterium_faecium,0.000729536288907753,0.0013704319468579413,8.864063095756485e-05,88
Blautia_obeum,0.0007272313657516201,0.001370445698225678,8.401703327756405e-05,89
Lawsonibacter_asaccharolyticus,0.0007243892782073139,0.0014871741528554412,-3.8395596440813874e-05,90
Eubacterium_sp_CAG_180,0.0007133142578328271,0.0012412421036391804,0.0001853864120264732,91
Streptococcus_australis,0.0007121555484423486,0.00163991003994623,-0.0002155989430615363,92
Bacteroides_stercoris,0.0007106565929529563,0.0012818828200810918,0.00013943036582482035,93
Barnesiella_intestinihominis,0.0006984284392521239,0.0017458424113495536,-0.000348985532845308,94
Bifidobacterium_bifidum,0.0006951110829007205,0.0011822147804824757,0.00020800738531896623,95
Bacteroides_intestinalis,0.0006943620098403863,0.0013598801076628946,2.8843912017877128e-05,96
Streptococcus_gordonii,0.0006759669097168502,0.0012559476983114474,9.598612112225246e-05,97
Intestinibacter_bartlettii,0.0006739553392260541,0.0014251439944410903,-7.723331598898457e-05,98
Butyricimonas_synergistica,0.0006720204349394423,0.0013471777224195777,-3.1368525406938625e-06,99
Oscillibacter_sp_57_20,0.000668719038734235,0.0014634775015019902,-0.00012603942403352188,100
Coprococcus_catus,0.0006685294860399497,0.0013452905893874332,-8.23161730753309e-06,101
Streptococcus_vestibularis,0.0006676805915149348,0.0015044750177586092,-0.00016911383472873983,102
Catabacter_hongkongensis,0.0006650707992976439,0.0013881562549713077,-5.8014656376019127e-05,103
Fusobacterium_mortiferum,0.0006650254586674162,0.0011984400765995991,0.00013161084073523463,104
Clostridium_saccharolyticum,0.0006602751711691317,0.001067601463423467,0.0002529488789147966,105
Actinomyces_sp_HMSC035G02,0.0006597177310055222,0.0016489048618343368,-0.0003294693998232923,106
Ruminococcaceae_bacterium_D5,0.0006561760332487673,0.0014125518800081984,-0.00010019981351066588,107
Ruminococcus_bromii,0.000653933316262611,0.0013794074281834887,-7.154079565826834e-05,108
Anaeromassilibacillus_sp_An250,0.0006491787855530207,0.001359428372908501,-6.107080180246089e-05,109
Oscillibacter_sp_CAG_241,0.0006463473158869248,0.0013097517261788992,-1.7057094405050996e-05,110
Paraprevotella_xylaniphila,0.0006444044624408386,0.0011507601276548236,0.0001380487972268544,111
Bacteroides_dorei,0.0006438704316127042,0.001246169904716658,4.1570958508750794e-05,112
Erysipelatoclostridium_ramosum,0.0006412184070185489,0.0011529184913774788,0.0001295183226596199,113
Slackia_isoflavoniconvertens,0.0006349274577983742,0.001177927520869299,9.192739472744844e-05,114
Phascolarctobacterium_succinatutens,0.0006312664700462773,0.0015925142791341131,-0.00032998133904155934,115
Dorea_longicatena,0.0006224931770956155,0.0013516798714048016,-0.00010669351721357189,116
Bifidobacterium_pseudocatenulatum,0.0006192084704129587,0.0011737254054911622,6.469153533475322e-05,117
Eubacterium_ramulus,0.0006190084728637965,0.0012973323397980215,-5.931539407042754e-05,118
Bacteroides_finegoldii,0.0006092587579524658,0.0009952654004710814,0.0002232521154338475,119
Prevotella_copri,0.0006039564478997497,0.0013975582376891513,-0.00018964534188965098,120
Firmicutes_bacterium_CAG_110,0.0006001854116315062,0.0012659275313211637,-6.555670805814985e-05,121
Eggerthella_lenta,0.0005982704484692779,0.0012211680112755173,-2.4627114336963095e-05,122
Gordonibacter_pamelaeae,0.0005949140961224334,0.0013829809925270272,-0.0001931528002821606,123
Veillonella_atypica,0.0005939995317159788,0.0013151709378663545,-0.00012717187443439594,124
Roseburia_sp_CAG_309,0.0005645658416529062,0.001176765105816703,-4.76334225108902e-05,125
Gemella_sanguinis,0.0005586022692521276,0.001286340513230296,-0.0001691359747260399,126
Firmicutes_bacterium_CAG_83,0.0005583703529543352,0.0010704218795158673,4.631882639280208e-05,127
Acidaminococcus_intestini,0.0005576479104500382,0.0012439754988603055,-0.00012867967796022895,128
Clostridium_disporicum,0.0005505961446201569,0.001077616331211023,2.3575958029288388e-05,129
Streptococcus_sp_A12,0.0005436312078694886,0.0011600804160977094,-7.28180003587321e-05,130
Eubacterium_sulci,0.0005413066133262119,0.0011857700730588394,-0.00010315684640641514,131
Bacteroides_massiliensis,0.0005387638370611844,0.001044879954037025,3.264772008534644e-05,132
Holdemania_filiformis,0.0005257375905379689,0.0010494688433114237,2.0063377645146144e-06,133
Clostridium_sp_CAG_242,0.0005120823492221913,0.001065044632112976,-4.087993366859227e-05,134
Bifidobacterium_dentium,0.0005119742920089137,0.0009757787497993028,4.816983421852537e-05,135
Clostridium_sp_CAG_299,0.0005089685787356343,0.0009360954700997374,8.184168737152946e-05,136
Parabacteroides_goldsteinii,0.0005011348566777381,0.0009622077026475967,4.006201070787942e-05,137
Dialister_invisus,0.0004997318922642109,0.0010498102401827923,-5.034645565437074e-05,138
Bacteroides_cellulosilyticus,0.00048413317368632745,0.0012542231586449926,-0.0002859568112723379,139
Veillonella_sp_T11011_6,0.00048090976153927984,0.0010396545592084921,-7.78350361299335e-05,140
Holdemanella_biformis,0.00047956548672164817,0.0009991818809649247,-4.005090752162772e-05,141
Eubacterium_siraeum,0.0004792925674949178,0.0009689302141203431,-1.0345079130507483e-05,142
Clostridium_bolteae_CAG_59,0.0004778786179850655,0.0007877895841571812,0.0001679676518129489,143
Megamonas_funiformis,0.00046788647559187544,0.0008900925101840077,4.56804409997417e-05,144
Bacteroides_coprocola,0.0004615497089167834,0.0010655092267272844,-0.00014240980889371964,145
Tyzzerella_nexilis,0.0004601822401036271,0.0007115474716601071,0.00020881700854714704,146
Clostridium_aldenense,0.000458433231511443,0.0008212871174702875,9.55793455525971e-05,147
Veillonella_dispar,0.0004544301486911042,0.0008453583013230732,6.350199605913564e-05,148
Haemophilus_sp_HMSC71H05,0.0004497391726529078,0.0007119884725683202,0.00018748987273749495,149
Ruminococcus_lactaris,0.0004496455378681422,0.0008863677108343949,1.2923364901889405e-05,150
Clostridium_innocuum,0.00044432879500557875,0.000850665672242463,3.7991917768695645e-05,151
Prevotella_stercorea,0.00044039464275444357,0.0008323123015507301,4.8476983958156416e-05,152
Firmicutes_bacterium_CAG_94,0.00043817607401213635,0.0009502566530176186,-7.390450499334566e-05,153
Eisenbergiella_massiliensis,0.0004344272130146385,0.0006877838203709862,0.00018107060565829007,154
Coprococcus_eutactus,0.0004250922164357657,0.0007930712006556829,5.7113232215848486e-05,155
Veillonella_infantium,0.0004114993070948098,0.0007590638303731268,6.393478381649153e-05,156
Actinomyces_odontolyticus,0.0004013318941693842,0.0008532936485116064,-5.0629860172838684e-05,157
Catenibacterium_mitsuokai,0.00039735675336086807,0.0008007789680709968,-6.0654613492598105e-06,158
Blautia_sp_CAG_257,0.0003901877122829122,0.0009298180155250753,-0.00014944259095924986,159
Megamonas_hypermegale,0.00038215180233281163,0.000849370681443471,-8.506707677784705e-05,160
Rothia_mucilaginosa,0.0003814221662937102,0.0010136969913350244,-0.00025085265874760353,161
Actinomyces_sp_ICM47,0.00037297365082920094,0.0006255434440974472,0.00012040385756095464,162
Clostridium_lavalense,0.00036859448714242766,0.0006636687065644528,7.35202677204022e-05,163
Roseburia_sp_CAG_471,0.0003654474943604185,0.000690249590625298,4.0645398095539696e-05,164
Bacteroides_sp_CAG_144,0.00036055284600790185,0.0005259987176798213,0.00019510697433598316,165
Streptococcus_infantis,0.00035712970571517085,0.0007280159817474932,-1.3756570317151498e-05,166
Coprobacillus_cateniformis,0.00035699284950613643,0.0007838855453673176,-6.98998463550447e-05,167
Firmicutes_bacterium_CAG_145,0.0003545770380822501,0.0005647731308344752,0.0001443809453300251,168
Bacteroides_galacturonicus,0.00035184638890002124,0.000650954194383068,5.273858341697398e-05,169
Clostridium_spiroforme,0.0003464740897381734,0.0007070303728897141,-1.4082193413366765e-05,170
Desulfovibrio_piger,0.00034126186373828867,0.0007587690962596158,-7.624536878303918e-05,171
Enorma_massiliensis,0.00033691794848287747,0.000607686372336626,6.614952462912894e-05,172
Firmicutes_bacterium_CAG_95,0.0003300418910556925,0.0006614486764682377,-1.3648943568528249e-06,173
Dielma_fastidiosa,0.00032956886585693896,0.00049744192378087,0.00016169580793300723,174
Klebsiella_quasipneumoniae,0.0003288842338250819,0.00056345233174766,9.431613590250505e-05,175
Bacteroides_salyersiae,0.00031635965138993624,0.0006302230406589987,2.496262120872996e-06,176
Bacteroides_eggerthii,0.00031421421525705675,0.000569643203666449,5.8785226847664256e-05,177
Turicibacter_sanguinis,0.00031006262479933407,0.000544775629348473,7.534962025019535e-05,178
Sellimonas_intestinalis,0.00030333522994083467,0.0006377358777354584,-3.1065417853788607e-05,179
Enterorhabdus_caecimuris,0.0003022690735926162,0.0005703837972192811,3.415434996595123e-05,180
Clostridium_sp_CAG_167,0.00029602866961950177,0.000653836509440491,-6.177917020148781e-05,181
Megasphaera_micronuciformis,0.0002849392667115093,0.0006701860511427686,-0.00010030751771974968,182
Clostridium_scindens,0.00028412617996565896,0.0004305135473100451,0.00013773881262127286,183
Alistipes_inops,0.0002837593557869413,0.0004603377997862483,0.00010718091178763415,184
Parabacteroides_johnsonii,0.000282218231431447,0.0005491449003335933,1.5291562529301118e-05,185
Klebsiella_variicola,0.0002763408194321313,0.0004545534046895773,9.812823417468551e-05,186
Eubacterium_sp_CAG_251,0.0002762999873247102,0.0005649911712191975,-1.2391196569777659e-05,187
Bacteroides_clarus,0.0002660945479203728,0.0005942018366748065,-6.201274083406044e-05,188
Alistipes_onderdonkii,0.0002612480233577741,0.000669903857854574,-0.00014740781113902596,189
Romboutsia_ilealis,0.00026015952221727,0.0004790280762889867,4.1290968145553316e-05,190
Blautia_producta,0.00025607450678311354,0.0007232165286560209,-0.00021106751508979433,191
Blautia_hydrogenotrophica,0.00025297766519733064,0.00047584822115821383,3.0107109236447184e-05,192
Clostridium_asparagiforme,0.00025164827318705673,0.0005063905342752283,-3.0939879011155166e-06,193
Desulfovibrionaceae_bacterium,0.0002496919630828477,0.0004708910449651695,2.84928812005262e-05,194
Blautia_coccoides,0.0002493818369835317,0.000510475068064903,-1.1711394097839688e-05,195
Victivallis_vadensis,0.00024847160086279246,0.0005026611939051064,-5.717992179521239e-06,196
Olsenella_scatoligenes,0.00024739058910726276,0.0006722242521648492,-0.00017744307395032284,197
Actinomyces_sp_S6_Spd3,0.00024523988309555975,0.00046153784015072404,2.8941926040395844e-05,198
Roseburia_sp_CAG_303,0.00024363327744370336,0.0006471772655590061,-0.00015991071067159964,199
Ruminococcus_callidus,0.0002366535867507007,0.0004732797778980442,2.739560335742336e-08,200
Methanobrevibacter_smithii,0.00023335643551203336,0.0005759899422966261,-0.00010927707127255903,201
Klebsiella_pneumoniae,0.0002251516866150841,0.00043358160270748846,1.672177052268004e-05,202
Lactococcus_lactis,0.00021806900622855314,0.00042441638704169307,1.1721625415412882e-05,203
Prevotella_sp_CAG_279,0.00021806235548506794,0.0004902798257023117,-5.4155114732175975e-05,204
Dorea_sp_CAG_317,0.0002135286724678763,0.0004356589240579034,-8.601579122151584e-06,205
Faecalitalea_cylindroides,0.00021098063448424928,0.0004104848171758923,1.1476451792606176e-05,206
Coprobacter_secundus,0.00020121306605022784,0.0003391354296849967,6.329070241545872e-05,207
Megasphaera_elsdenii,0.00019256349015874015,0.0006901839724824025,-0.0003050569921649219,208
Streptococcus_sanguinis,0.00018574759972141846,0.000559592862131514,-0.00018809766268867712,209
Ruminococcaceae_bacterium_D16,0.000178136414883298,0.0003963828714330171,-4.011004166642121e-05,210
Firmicutes_bacterium_CAG_170,0.00016546809669066006,0.00033118257624161976,-2.463828603005796e-07,211
Paraprevotella_clara,0.00015503839533900077,0.0003312753915900547,-2.1198600912052827e-05,212
Phascolarctobacterium_sp_CAG_266,0.0001414619303989988,0.0002409332733898368,4.199058740816032e-05,213
Lachnoclostridium_sp_An138,0.00013340482431938423,0.00035314143596235537,-8.633178732358674e-05,214
Bacteroides_faecis,0.00013245993250528583,0.00024857011067217643,1.6349754338395034e-05,215
Enterococcus_faecalis,0.00011425907767765277,0.00021032590919296365,1.8192246162341865e-05,216
Monoglobus_pectinilyticus,0.00010838745550019338,0.0002060738641031513,1.0701046897235506e-05,217
Butyrivibrio_crossotus,9.06360961780753e-05,0.00025056454329986023,-6.92923509437095e-05,218
Cloacibacillus_porcorum,8.950065941199332e-05,0.00015689844301944325,2.2102875804543287e-05,219
Streptococcus_mutans,8.530971468842805e-05,0.00032184507099712514,-0.0001512256416202697,220
Firmicutes_bacterium_CAG_238,7.975495637956413e-05,0.0001641364947699605,-4.626582010832041e-06,221
