feature,mean_abs_shap
Peptostreptococcus_stomatis,0.025537734700264245
Parvimonas_micra,0.02396983579253254
Gemella_morbillorum,0.02161604607154967
Dialister_pneumosintes,0.018359688472139337
Fusobacterium_nucleatum,0.01796480845672153
Clostridium_symbiosum,0.013392662695449765
Ruthenibacterium_lactatiformans,0.012661226549624616
Solobacterium_moorei,0.012658782960433983
Eubacterium_eligens,0.012166295880050347
Hungatella_hathewayi,0.011798799780573696
Roseburia_intestinalis,0.009129269222359898
Fusicatenibacter_saccharivorans,0.008468696546334682
Anaerostipes_hadrus,0.008289436119133103
Streptococcus_oralis,0.007640876583987555
Eisenbergiella_tayi,0.006883058545859194
Bacteroides_ovatus,0.006741884994027489
Bacteroides_caccae,0.006583336472087661
Clostridium_clostridioforme,0.006573196483188067
Collinsella_intestinalis,0.006508605081327981
Clostridium_citroniae,0.00641960432818398
Intestinimonas_butyriciproducens,0.006387579925911825
Escherichia_coli,0.006315517474950277
Bacteroides_fragilis,0.006138504768210032
Streptococcus_salivarius,0.005758091912306707
Ruminococcus_bicirculans,0.005677810100053565
Eubacterium_sp_CAG_38,0.0055445888285984785
Eubacterium_hallii,0.00544784617971568
Faecalibacterium_prausnitzii,0.00543908281410124
Eubacterium_ventriosum,0.00537152902796202
Flavonifractor_plautii,0.005140384534027778
Clostridium_aldenense,0.004992171809396316
Ruminococcus_torques,0.004807945351375002
Bacteroides_dorei,0.004634054582918905
Actinomyces_sp_oral_taxon_181,0.004510197652038801
Butyricimonas_virosa,0.004340789249476663
Pseudoflavonifractor_sp_An184,0.0041329024954008375
Ruminococcus_gnavus,0.0040059146868167
Alistipes_finegoldii,0.003947448965511412
Acidaminococcus_intestini,0.0038866690438699517
Bacteroides_thetaiotaomicron,0.003656322141977335
Agathobaculum_butyriciproducens,0.003568372578433171
Erysipelatoclostridium_ramosum,0.0035508939109722567
Clostridium_sp_CAG_58,0.0034677986534663
Clostridium_bolteae,0.0031692576343674956
Gordonibacter_pamelaeae,0.0030722895264554554
Enorma_massiliensis,0.0030046313276254014
Coprococcus_comes,0.002842297797442458
Eisenbergiella_massiliensis,0.0025135178678597804
Anaerotignum_lactatifermentans,0.002486367696563291
Bacteroides_vulgatus,0.002429659368898464
Anaerotruncus_colihominis,0.0024177371550929785
Oscillibacter_sp_57_20,0.002399336957835834
Phascolarctobacterium_faecium,0.0023870070034519505
Streptococcus_anginosus_group,0.0023072918728661304
Parabacteroides_distasonis,0.002306254752686907
Paraprevotella_xylaniphila,0.0022969393339165273
Prevotella_copri,0.002276336940722266
Akkermansia_muciniphila,0.0022685276959610134
Eubacterium_sp_CAG_180,0.002205703684056077
Roseburia_hominis,0.0021883589011826568
Parasutterella_excrementihominis,0.002167486966145572
Harryflintia_acetispora,0.0021504389067251617
Coprococcus_catus,0.002149874409563257
Veillonella_parvula,0.002066084922669176
Adlercreutzia_equolifaciens,0.001994693318507046
Clostridium_sp_CAG_242,0.001988483385422931
Lachnospira_pectinoschiza,0.0019492443097622397
Bifidobacterium_longum,0.0019466507892292174
Alistipes_putredinis,0.001917194992514004
Alistipes_indistinctus,0.0019104861446153543
Parabacteroides_merdae,0.0018617381075880992
Haemophilus_parainfluenzae,0.0018609607697353155
Allisonella_histaminiformans,0.0018450696133202012
Clostridium_leptum,0.0017975451004053134
Bilophila_wadsworthia,0.0017846828640385535
Christensenella_minuta,0.0017751464997728407
Gemmiger_formicilis,0.0017170533271119502
Oscillibacter_sp_CAG_241,0.0016637909807640473
Streptococcus_thermophilus,0.0016515786538963686
Lachnoclostridium_sp_An131,0.0016397849291886733
Clostridium_lavalense,0.0015921928697812968
Bacteroides_nordii,0.0015884194065938439
Streptococcus_gordonii,0.0015756872358487191
Roseburia_faecis,0.0015671236759776134
Turicimonas_muris,0.0015105436115261572
Bacteroides_uniformis,0.0014995695675500127
Eubacterium_sp_CAG_251,0.0014884699562865552
Ruminococcaceae_bacterium_D5,0.001477332048936359
Streptococcus_mitis,0.0014715691240403716
Eubacterium_sp_CAG_274,0.0014593516847895363
Bacteroides_intestinalis,0.0014016945190984203
Mogibacterium_diversum,0.0013910090519670445
Roseburia_sp_CAG_471,0.0013615503638061495
Dielma_fastidiosa,0.0013413687830065909
Bifidobacterium_adolescentis,0.0012807180928684884
Roseburia_inulinivorans,0.0012794428208046037
Olsenella_scatoligenes,0.0012652205928278682
Blautia_wexlerae,0.0012507838643963799
Atopobium_parvulum,0.0012465283265530654
Roseburia_sp_CAG_309,0.0012446707761209113
Proteobacteria_bacterium_CAG_139,0.0012273491820386465
Blautia_sp_CAG_257,0.0011935918576778887
Streptococcus_parasanguinis,0.0011824395925587865
Bacteroides_plebeius,0.001179521422850752
Eubacterium_siraeum,0.0011749323503099012
Catabacter_hongkongensis,0.0011703398230007475
Butyricimonas_synergistica,0.0011524606257666352
Gemella_sanguinis,0.001151701083783627
Fretibacterium_fastidiosum,0.0011389180313976389
Bacteroides_coprocola,0.0011301560792702063
Eggerthella_lenta,0.0011040922717633595
Fusobacterium_mortiferum,0.001098281708291428
Blautia_obeum,0.0010663768606520537
Odoribacter_splanchnicus,0.0010369495166484164
Rothia_mucilaginosa,0.0010334053975867492
Sellimonas_intestinalis,0.0010124630562997287
Veillonella_atypica,0.000996805474675209
Eubacterium_rectale,0.0009951715863507134
Dorea_formicigenerans,0.0009922392550300993
Clostridium_saccharolyticum,0.0009860578510383366
Dorea_longicatena,0.0009807457022765586
Bacteroides_massiliensis,0.0009695247011727899
Romboutsia_ilealis,0.0009638501891253387
Bacteroides_finegoldii,0.0009309479677609104
Actinomyces_oris,0.0009164568406224058
Bifidobacterium_dentium,0.0009147699051489734
Prevotella_stercorea,0.000912552057954707
Coprobacter_secundus,0.0009006906526875246
Collinsella_aerofaciens,0.0008988182640985203
Streptococcus_australis,0.0008948980149993289
Barnesiella_intestinihominis,0.0008945098820265654
Lawsonibacter_asaccharolyticus,0.0008703490093358125
Methanobrevibacter_smithii,0.0008567442530789465
Intestinibacter_bartlettii,0.0008378588608012447
Ruminococcus_bromii,0.0008350674009605823
Prevotella_sp_CAG_279,0.0008254406429015456
Streptococcus_sp_A12,0.0008241882195374191
Bacteroides_xylanisolvens,0.0008239106531117288
Bifidobacterium_bifidum,0.0008189122975167792
Alistipes_shahii,0.0008187428235267811
Megasphaera_elsdenii,0.0008083979181423129
Roseburia_sp_CAG_303,0.0008067246291133175
Asaccharobacter_celatus,0.0007821679530073908
Actinomyces_odontolyticus,0.0007779252977441056
Clostridium_scindens,0.0007648974316523606
Streptococcus_infantis,0.0007636990574326307
Blautia_coccoides,0.000755391245630066
Blautia_producta,0.000745400876124466
Parabacteroides_johnsonii,0.0007296904436369065
Anaeromassilibacillus_sp_An250,0.000715629221769424
Clostridium_bolteae_CAG_59,0.0007081480064211425
Actinomyces_sp_HPA0247,0.0007066311794796785
Eubacterium_ramulus,0.000696242055795476
Firmicutes_bacterium_CAG_110,0.0006904801078957387
Bacteroides_stercoris,0.0006837430188200313
Ruminococcaceae_bacterium_D16,0.0006799585391997579
Bacteroides_salyersiae,0.0006717560300632625
Clostridium_sp_CAG_167,0.0006509952493551302
Firmicutes_bacterium_CAG_83,0.0006493664742426771
Ruminococcus_lactaris,0.0006454914178528416
Gemella_haemolysans,0.0006421415819787838
Veillonella_dispar,0.0006375313121137141
Dialister_invisus,0.0006245979173284353
Slackia_isoflavoniconvertens,0.0006210525232157792
Haemophilus_sp_HMSC71H05,0.0006098429641649755
Bifidobacterium_pseudocatenulatum,0.0006059452041661205
Clostridium_innocuum,0.0006014298770215191
Parabacteroides_goldsteinii,0.0005964311073716432
Holdemania_filiformis,0.000585050982764917
Actinomyces_sp_ICM47,0.0005848731939336891
Lactobacillus_rogosae,0.0005805607443195796
Phascolarctobacterium_succinatutens,0.0005754282525082705
Veillonella_sp_T11011_6,0.0005692366134596774
Bacteroides_cellulosilyticus,0.0005457366236135932
Firmicutes_bacterium_CAG_94,0.0005442452201967989
Streptococcus_mutans,0.0005330428713749097
Victivallis_vadensis,0.0005288813756836733
Streptococcus_vestibularis,0.0005227544987010095
Cloacibacillus_porcorum,0.0005162987319089478
Faecalitalea_cylindroides,0.0005133708616198099
Clostridium_disporicum,0.0005071936520407292
Coprobacter_fastidiosus,0.0004998718595408324
Turicibacter_sanguinis,0.0004965184565019263
Coprobacillus_cateniformis,0.0004930369836274173
Holdemanella_biformis,0.0004820445367142155
Firmicutes_bacterium_CAG_145,0.00047348012033918233
Clostridium_spiroforme,0.0004648004721853794
Bacteroides_eggerthii,0.0004628859200088633
Firmicutes_bacterium_CAG_170,0.0004625077059921096
Desulfovibrio_piger,0.0004619227655092864
Klebsiella_pneumoniae,0.0004604003927143583
Tyzzerella_nexilis,0.00045251643665791455
Coprococcus_eutactus,0.00045176733666067704
Actinomyces_sp_HMSC035G02,0.0004466693878977881
Veillonella_infantium,0.00044501129939639205
Streptococcus_sanguinis,0.00043063288250245096
Clostridium_asparagiforme,0.0004227042671658585
Bacteroides_galacturonicus,0.00040757662198286396
Dorea_sp_CAG_317,0.0003991624940110617
Clostridium_sp_CAG_299,0.0003914010402425614
Klebsiella_variicola,0.00038331907653121
Actinomyces_sp_S6_Spd3,0.00037740674656284084
Enterorhabdus_caecimuris,0.0003737642259582856
Blautia_hydrogenotrophica,0.00037130138525333747
Lactococcus_lactis,0.0003567281102456504
Bacteroides_sp_CAG_144,0.0003553413727763131
Klebsiella_quasipneumoniae,0.0003475253097706761
Bacteroides_clarus,0.0003431436453881071
Eubacterium_sulci,0.00033372860173521806
Megamonas_hypermegale,0.00033234231596003386
Lachnoclostridium_sp_An138,0.0003277296077514166
Ruminococcus_callidus,0.0003196718202055907
Clostridium_sp_CAG_253,0.0003129886334918399
Paraprevotella_clara,0.0003124345711578753
Alistipes_inops,0.00029129867337812485
Enterococcus_faecalis,0.0002889508116008977
Monoglobus_pectinilyticus,0.00028460046975297635
Catenibacterium_mitsuokai,0.000274740106571172
Alistipes_onderdonkii,0.0002741615061909161
Sanguibacteroides_justesenii,0.0002449603533754838
Megamonas_funiformis,0.0002269901929975582
Bacteroides_faecis,0.0002177253889779376
Phascolarctobacterium_sp_CAG_266,0.00021674659881885453
Desulfovibrionaceae_bacterium,0.00021094681896566646
Firmicutes_bacterium_CAG_95,0.00017941274129513627
Butyrivibrio_crossotus,0.00016586893421320013
Firmicutes_bacterium_CAG_238,0.00012666174657155178
Megasphaera_micronuciformis,0.00010617663754571936
